date,open,high,low,close,adj_close,volume
2021-06-09,424.0,427.115,422.51,422.7,402.32,24234
2021-06-10,424.7,424.7,418.14,420.92,400.63,25417
2021-06-11,420.885,420.885,416.32,418.95,398.75,31750
2021-06-14,419.785,419.845,413.095,414.7,394.71,50319
2021-06-15,415.045,425.89,414.99,424.78,404.3,81732
2021-06-16,426.78,435.0,426.78,428.23,407.58,87704
2021-06-17,424.75,431.43,424.24,429.03,408.35,49489
2021-06-18,426.92,427.93,423.51,423.51,403.09,61284
2021-06-21,425.05,436.07,423.27,435.72,414.71,30630
2021-06-22,437.21,437.21,432.75,435.86,414.85,38188
2021-06-23,435.48,439.755,433.79,438.47,417.33,71211
2021-06-24,439.84,444.44,439.47,440.79,419.54,79154
2021-06-25,440.35,444.62,439.48,441.74,420.44,64918
2021-06-28,442.32,445.56,440.07,444.55,423.12,23880
2021-06-29,445.295,445.35,441.22,442.39,421.73,44685
2021-06-30,443.89,443.89,441.09,442.98,422.29,16547
2021-07-01,442.13,447.76,442.13,447.695,426.78,35357
2021-07-02,445.285,452.42,445.285,451.66,430.56,28076
2021-07-06,451.0,454.18,448.87,453.855,432.66,39124
2021-07-07,453.36,458.475,453.36,457.5,436.13,30054
2021-07-08,454.13,455.71,450.275,454.48,433.25,38295
2021-07-09,456.93,457.57,455.47,455.48,434.2,41434
2021-07-12,454.84,459.015,454.165,458.3,436.89,30825
2021-07-13,458.38,462.65,458.3,460.04,438.55,92386
2021-07-14,460.82,461.19,457.81,460.325,438.82,40436
2021-07-15,459.56,468.67,455.91,466.9,445.09,74446
2021-07-16,466.37,472.295,466.125,470.83,448.84,41971
2021-07-19,467.12,467.8,456.36,460.82,439.29,51016
2021-07-20,462.48,467.585,459.92,460.2,438.7,32113
2021-07-21,460.27,463.62,457.795,463.59,441.94,27028
2021-07-22,463.63,465.745,461.71,463.62,441.96,23041
2021-07-23,466.51,472.6,465.725,471.39,449.37,38304
2021-07-26,470.215,470.85,464.78,467.05,445.23,29308
2021-07-27,462.78,468.66,462.78,467.62,445.78,38278
2021-07-28,441.98,447.21,432.86,440.94,420.34,220816
2021-07-29,442.24,442.665,429.78,430.61,410.5,124414
2021-07-30,430.59,431.3,425.6,425.61,405.73,67574
2021-08-02,428.08,430.62,423.57,429.395,409.34,56973
2021-08-03,427.63,428.78,423.61,425.48,405.61,73615
2021-08-04,424.165,427.74,420.09,426.175,406.27,66314
2021-08-05,421.17,423.83,410.87,415.92,396.49,138112
2021-08-06,419.485,420.83,414.435,419.39,399.8,67356
2021-08-09,419.36,422.81,415.25,416.79,397.32,49651
2021-08-10,414.79,419.2,414.575,414.77,395.4,122769
2021-08-11,414.23,414.23,408.365,408.66,389.57,60811
2021-08-12,407.14,410.42,405.07,405.49,386.55,57506
2021-08-13,408.23,410.9,406.105,410.8,391.61,27950
2021-08-16,409.74,413.06,407.05,412.1,392.85,30766
2021-08-17,410.945,415.71,410.59,413.19,393.89,62760
2021-08-18,412.435,413.92,407.96,408.09,389.03,32273
2021-08-19,406.76,414.26,406.76,413.78,394.45,39952
2021-08-20,414.87,415.185,411.36,413.51,394.19,17323
2021-08-23,413.805,416.175,413.75,414.43,395.07,16163
2021-08-24,414.8,415.065,412.2,412.55,393.28,12549
2021-08-25,410.71,411.52,405.84,406.5,387.51,38447
2021-08-26,406.46,406.76,401.18,402.53,383.73,48254
2021-08-27,401.65,406.98,401.15,405.58,386.64,50215
2021-08-30,405.295,408.84,405.295,405.42,386.48,49065
2021-08-31,406.495,410.36,404.36,405.49,386.55,31505
2021-09-01,406.015,406.86,399.18,405.62,386.67,40109
2021-09-02,405.335,416.3,405.335,416.075,396.64,59287
2021-09-03,415.295,417.72,414.09,415.63,396.22,26990
2021-09-07,415.51,415.51,410.53,413.57,394.25,34659
2021-09-08,412.57,422.09,412.57,413.48,394.17,65527
2021-09-09,413.51,420.0,413.1,417.43,397.93,38916
2021-09-10,416.22,416.22,399.67,401.97,383.19,81354
2021-09-13,403.66,413.47,403.34,409.04,389.93,52633
2021-09-14,410.92,410.92,401.745,401.84,383.07,33851
2021-09-15,401.37,406.63,400.88,400.94,382.21,50858
2021-09-16,402.54,403.18,397.69,399.07,380.43,54966
2021-09-17,397.515,408.6,397.515,408.05,388.99,49726
2021-09-20,405.325,406.81,400.99,404.3,385.42,33145
2021-09-21,405.94,407.53,400.77,400.77,382.05,19533
2021-09-22,398.76,402.79,396.42,400.6,381.89,48866
2021-09-23,402.435,407.84,400.55,401.43,382.68,34656
2021-09-24,401.34,403.44,398.43,398.79,380.16,55186
2021-09-27,400.54,404.54,399.97,400.9,382.17,21848
2021-09-28,398.04,399.965,393.555,394.92,376.47,43991
2021-09-29,395.47,398.56,393.175,395.41,377.61,16117
2021-09-30,398.48,398.99,389.02,389.02,371.51,48349
2021-10-01,390.43,392.84,383.47,391.375,373.76,36500
2021-10-04,391.21,393.12,383.56,384.87,367.54,23168
2021-10-05,386.44,393.17,385.6,388.23,370.75,35318
2021-10-06,385.1,392.88,382.51,392.845,375.16,29004
2021-10-07,394.665,404.9,394.665,403.53,385.36,22143
2021-10-08,405.18,412.755,403.245,412.755,394.17,51474
2021-10-11,412.21,416.845,409.22,414.71,396.04,65071
2021-10-12,415.975,421.96,414.585,420.405,401.48,93288
2021-10-13,419.175,421.85,414.98,420.825,401.88,105263
2021-10-14,434.395,443.53,430.4,435.03,415.45,131103
2021-10-15,436.78,444.42,435.46,441.42,421.55,88489
2021-10-18,439.59,441.075,434.94,438.68,418.93,84476
2021-10-19,441.01,442.59,436.91,441.65,421.77,25205
2021-10-20,445.94,456.95,445.94,454.5,434.04,81134
2021-10-21,454.325,461.15,452.33,460.985,440.23,37778
2021-10-22,460.265,464.93,459.865,461.97,441.17,20580
2021-10-26,463.915,469.61,462.77,467.36,446.32,41558
2021-10-27,467.78,467.78,457.81,458.65,438.0,44139
2021-10-28,461.73,469.12,461.73,467.52,446.47,93875
2021-10-29,463.61,467.74,460.86,463.255,442.4,72079
2021-11-01,466.01,466.13,456.855,459.72,439.02,41984
2021-11-02,460.385,461.435,454.67,457.12,436.54,59246
2021-11-03,437.36,468.25,437.36,459.08,438.41,131363
2021-11-04,457.3,457.91,449.94,453.27,432.86,62874
2021-11-05,454.0,464.68,452.79,453.26,432.86,45366
2021-11-08,454.26,456.8,448.85,454.56,434.1,35394
2021-11-09,453.59,455.16,448.02,450.14,429.88,34507
2021-11-10,451.085,454.94,446.1,448.52,428.33,28729
2021-11-11,447.68,447.715,439.75,446.52,426.42,23928
2021-11-12,446.83,446.83,443.71,445.395,425.34,18155
2021-11-15,443.76,444.015,437.52,438.07,418.35,26699
2021-11-16,438.67,451.725,438.67,444.04,424.05,44081
2021-11-17,444.37,444.37,438.05,438.25,418.52,52628
2021-11-18,437.82,446.02,437.82,446.02,425.94,52806
2021-11-19,445.255,445.255,433.59,434.87,415.29,42043
2021-11-22,435.44,437.75,430.29,432.17,412.71,27642
2021-11-23,432.6,437.925,431.6,437.23,417.55,40634
2021-11-24,438.38,438.38,433.42,436.03,416.4,21110
2021-11-26,428.665,430.0,422.05,428.25,408.97,31685
2021-11-29,427.17,429.65,424.13,427.93,408.67,33621
2021-11-30,426.11,426.4,416.39,419.37,400.49,85512
2021-12-01,423.06,428.46,418.14,418.14,399.32,33067
2021-12-02,416.755,424.15,413.01,421.39,402.42,53313
2021-12-03,424.37,425.245,418.1,421.58,402.6,40499
2021-12-06,426.9,436.5,426.04,432.4,412.93,36869
2021-12-07,434.42,435.85,431.99,432.57,413.1,29673
2021-12-08,433.7,440.0,429.72,439.79,419.99,54525
2021-12-09,439.59,452.51,434.0,452.51,432.14,63346
2021-12-10,450.54,462.84,448.4,461.715,440.93,54674
2021-12-13,461.86,466.845,456.08,464.63,443.71,35522
2021-12-14,462.76,466.935,459.81,461.83,441.04,71170
2021-12-15,462.6,462.6,454.855,461.95,441.15,56033
2021-12-16,457.965,462.2,451.8,458.1,437.48,47279
2021-12-17,455.07,460.44,452.01,453.01,432.62,26521
2021-12-20,449.62,454.89,446.155,451.26,430.95,43675
2021-12-21,449.34,450.88,446.775,450.41,430.13,28896
2021-12-22,451.22,456.56,448.11,456.115,435.58,27716
2021-12-23,457.48,462.5,456.045,460.935,440.18,17667
2021-12-27,459.43,464.15,457.75,464.15,443.25,9835
2021-12-28,464.8,469.84,464.8,466.575,445.57,23412
2021-12-29,466.825,469.73,465.915,469.02,447.91,17334
2021-12-30,468.245,471.42,466.29,466.36,446.03,46944
2021-12-31,466.555,468.07,463.38,463.72,443.51,12658
2022-01-03,459.14,465.57,457.57,465.57,445.28,27249
2022-01-04,463.86,465.67,458.67,458.95,438.94,39235
2022-01-05,460.775,465.16,455.46,455.895,436.02,54716
2022-01-06,411.42,419.585,359.61,367.53,351.51,563583
2022-01-07,366.98,370.02,351.56,363.61,347.76,576790
2022-01-10,360.4,386.005,360.395,385.14,368.35,168718
2022-01-11,385.49,392.25,381.05,391.48,374.42,108456
2022-01-12,390.63,398.37,389.655,395.33,378.1,89515
2022-01-13,394.65,397.54,385.89,393.47,376.32,86515
2022-01-14,396.845,399.605,386.86,391.73,374.65,81916
2022-01-18,387.945,400.82,385.53,388.12,371.2,176483
2022-01-19,389.78,391.61,375.55,378.09,361.61,114941
2022-01-20,381.46,389.15,381.46,383.2,366.5,109283
2022-01-21,388.44,390.07,372.31,375.315,358.95,208125
2022-01-24,373.66,381.585,363.965,378.7,362.19,126386
2022-01-25,373.32,378.08,365.35,375.27,358.91,108178
2022-01-26,372.48,381.84,371.89,377.47,361.02,128370
2022-01-27,379.94,389.37,377.85,383.96,367.22,114893
2022-01-28,381.765,387.13,379.195,386.11,369.28,74428
2022-01-31,384.12,394.445,384.12,392.72,375.6,103937
2022-02-01,396.78,397.225,384.57,390.0,373.0,98143
2022-02-02,408.59,408.59,392.53,401.29,383.8,147023
2022-02-03,436.21,437.41,418.01,426.36,407.77,311357
2022-02-04,421.93,438.99,421.83,429.82,411.08,207445
2022-02-07,431.08,434.16,427.17,430.34,411.58,91871
2022-02-08,431.715,435.33,427.905,433.155,414.27,135765
2022-02-09,437.595,440.15,434.05,436.71,417.67,166692
2022-02-10,433.91,440.375,430.8,432.83,413.96,105521
2022-02-11,428.83,435.53,421.99,424.26,405.77,66809
2022-02-14,422.855,424.77,417.69,419.64,401.35,61917
2022-02-15,423.71,425.655,421.27,422.15,403.75,50618
2022-02-16,422.83,431.09,420.72,429.04,410.34,82033
2022-02-17,425.55,427.2,421.89,424.585,406.08,32420
2022-02-18,423.48,429.48,420.72,421.895,403.5,73103
2022-02-22,425.56,425.56,417.37,420.47,402.14,47486
2022-02-23,423.13,425.285,413.39,413.79,395.75,101569
2022-02-24,410.38,421.755,409.14,421.755,403.37,48114
2022-02-25,423.54,434.85,422.075,432.75,413.89,57360
2022-02-28,426.66,434.83,426.655,434.49,415.55,47300
2022-03-01,435.355,435.83,424.76,430.55,411.78,46105
2022-03-02,433.55,440.665,433.1,436.37,417.35,52861
2022-03-03,438.53,439.42,432.63,435.87,416.87,59915
2022-03-04,432.93,442.12,429.6,441.93,422.67,92138
2022-03-07,438.3,440.69,426.19,426.665,408.07,64235
2022-03-09,430.5,431.67,425.315,429.15,410.44,60196
2022-03-10,424.91,432.9,421.35,431.1,412.31,62541
2022-03-11,437.5,438.015,425.79,425.9,407.33,71049
2022-03-14,430.76,434.51,426.24,432.0,413.17,83602
2022-03-15,436.125,442.9,433.865,440.02,420.84,73443
2022-03-16,442.45,446.66,435.16,442.85,423.55,69067
2022-03-17,441.94,443.35,439.43,441.29,422.05,107489
2022-03-18,445.89,445.89,439.305,440.61,421.4,108155
2022-03-21,443.115,443.15,435.42,437.24,418.18,48523
2022-03-22,438.37,441.95,437.05,438.44,419.33,73040
2022-03-23,438.51,438.51,430.235,430.55,411.78,56266
2022-03-24,432.19,438.675,430.78,437.43,418.36,57268
2022-03-25,438.655,439.32,435.35,435.52,416.54,72634
2022-03-28,436.4,437.62,433.62,435.08,416.11,49883
2022-03-29,438.61,440.02,435.305,438.87,419.74,42514
2022-03-30,438.02,440.67,432.46,439.24,420.85,87493
2022-03-31,440.92,445.305,435.0,435.28,417.05,71685
2022-04-01,435.215,443.69,433.22,441.41,422.93,57769
2022-04-04,442.33,443.04,435.95,437.45,419.13,55748
2022-04-05,436.685,447.755,435.765,443.19,424.63,63409
2022-04-06,444.81,449.855,442.56,448.88,430.08,93514
2022-04-07,449.295,458.84,449.295,457.31,438.16,166400
2022-04-08,458.98,460.24,456.34,457.745,438.58,62971
2022-04-11,460.24,460.24,450.16,450.98,432.1,76124
2022-04-12,451.25,452.27,446.82,448.98,430.18,77122
2022-04-13,458.275,460.88,453.345,458.82,439.61,93166
2022-04-14,459.64,465.04,458.63,460.82,441.52,66880
2022-04-18,462.26,463.295,452.2,453.81,434.81,36290
2022-04-19,457.77,464.17,457.73,459.11,439.89,65888
2022-04-20,462.1,466.935,457.98,465.53,446.04,74379
2022-04-21,466.81,466.81,455.785,456.12,437.02,30403
2022-04-22,452.285,452.285,444.25,444.56,425.95,37695
2022-04-25,441.805,444.02,433.03,441.5,423.01,37060
2022-04-26,441.975,441.975,430.515,430.835,412.8,73599
2022-04-27,443.76,447.735,431.22,443.75,425.17,73317
2022-04-28,445.995,460.855,441.57,459.13,439.91,90295
2022-04-29,452.225,456.35,443.44,444.56,425.95,38062
2022-05-02,447.34,447.34,426.07,433.61,415.45,89813
2022-05-03,436.88,441.13,433.26,433.89,415.72,41681
2022-05-04,433.2,443.3,430.51,442.49,423.96,65611
2022-05-05,441.57,441.84,430.71,433.85,415.68,42529
2022-05-06,431.32,436.59,426.645,430.69,412.66,64272
2022-05-09,427.255,428.74,421.655,424.44,406.67,50857
2022-05-10,427.355,435.81,424.22,432.95,414.82,132853
2022-05-11,432.715,444.72,430.95,432.0,413.91,73095
2022-05-12,431.19,431.19,422.355,428.69,410.74,94852
2022-05-13,431.26,440.58,428.37,438.8,420.43,72871
2022-05-16,439.86,444.53,435.72,441.06,422.59,25862
2022-05-17,444.95,444.95,438.47,440.64,422.19,49304
2022-05-18,436.34,436.34,417.41,419.64,402.07,58227
2022-05-19,413.84,435.85,412.23,432.03,413.94,100914
2022-05-20,433.305,440.64,426.27,439.53,421.13,65110
2022-05-23,440.1,445.65,440.1,441.515,423.03,42160
2022-05-24,438.45,440.86,432.48,440.53,422.08,45361
2022-05-25,441.52,446.83,439.13,444.585,425.97,36020
2022-05-26,446.39,454.14,446.39,452.255,433.32,40287
2022-05-27,451.91,461.805,451.91,461.365,442.05,36650
2022-05-31,455.78,459.18,452.98,454.13,435.11,43701
2022-06-01,455.54,456.77,444.83,447.51,428.77,28333
2022-06-02,448.28,449.95,439.48,449.635,430.81,39505
2022-06-03,443.88,446.45,441.94,441.94,423.44,16552
2022-06-06,443.02,448.605,441.72,444.22,425.62,39922
2022-06-07,445.08,450.655,441.87,449.74,430.91,23461
2022-06-08,447.12,454.96,447.12,450.33,431.47,30972
2022-06-09,452.455,453.68,447.1,449.82,430.99,46877
2022-06-10,443.55,448.555,443.04,445.25,426.61,39375
2022-06-13,433.67,435.9,423.4,426.51,408.65,92458
2022-06-14,425.06,426.67,420.01,424.315,406.55,57559
2022-06-15,430.42,437.12,427.42,433.53,415.38,56833
2022-06-16,420.88,425.34,418.95,423.35,405.62,76851
2022-06-17,425.22,430.75,422.68,428.74,410.79,67809
2022-06-21,435.365,455.24,435.35,449.16,430.35,49694
2022-06-22,447.195,456.49,446.61,447.76,429.01,73857
2022-06-23,450.53,456.95,448.83,454.94,435.89,62845
2022-06-24,455.145,457.3,446.21,457.14,438.0,67052
2022-06-27,456.635,469.79,456.635,464.27,444.83,41851
2022-06-28,468.87,476.96,461.66,462.37,443.01,64161
2022-06-29,459.675,471.0,458.41,468.25,449.41,56626
2022-06-30,465.43,471.67,465.02,468.2,449.36,83239
2022-07-01,466.92,479.58,463.25,478.75,459.49,64806
2022-07-05,475.57,475.57,459.98,473.05,454.02,85411
2022-07-06,475.02,479.84,472.9,478.13,458.89,53952
2022-07-07,478.19,480.38,475.5,476.51,457.34,26701
2022-07-08,474.54,489.325,473.1,483.325,463.88,62921
2022-07-11,481.785,490.625,481.41,487.12,467.52,49027
2022-07-12,487.34,488.97,481.12,483.295,463.85,60020
2022-07-13,479.075,484.01,473.52,473.53,454.48,84662
2022-07-14,467.88,474.63,464.14,472.53,453.52,73135
2022-07-15,482.96,489.245,478.85,487.855,468.23,104468
2022-07-18,487.71,490.835,483.15,484.79,465.28,41386
2022-07-19,488.075,497.455,485.46,494.83,474.92,36096
2022-07-20,492.91,492.91,481.455,483.45,464.0,80385
2022-07-21,479.985,487.26,478.24,485.32,465.79,39057
2022-07-22,484.33,489.95,483.56,489.11,469.43,32526
2022-07-25,487.94,492.85,487.84,491.73,471.94,44199
2022-07-26,493.05,493.745,489.355,491.1,471.34,72992
2022-07-27,485.81,486.83,471.37,478.03,458.8,151131
2022-07-28,480.405,485.19,475.83,484.0,464.53,71141
2022-07-29,481.91,484.31,476.01,481.825,462.44,40142
2022-08-01,482.51,482.73,467.575,474.99,455.88,65001
2022-08-02,475.49,480.52,471.64,478.495,459.24,55806
2022-08-03,480.875,485.13,479.68,481.41,462.04,41043
2022-08-04,480.1,482.71,477.81,479.89,460.58,20649
2022-08-05,477.53,484.17,476.865,483.72,464.26,38670
2022-08-08,487.65,488.37,481.12,482.57,463.15,21539
2022-08-09,486.64,492.17,486.64,487.34,467.73,25414
2022-08-10,488.62,489.565,483.45,485.73,466.19,20275
2022-08-11,486.34,487.11,479.88,484.11,464.63,20684
2022-08-12,489.62,497.29,487.82,496.75,476.76,67260
2022-08-15,498.88,501.27,496.28,498.555,478.49,39333
2022-08-16,497.77,499.58,491.26,495.26,475.33,41243
2022-08-17,496.22,498.61,494.76,495.58,475.64,22575
2022-08-18,495.78,498.84,492.41,495.33,475.4,36212
2022-08-19,497.05,501.92,495.26,500.01,479.89,28438
2022-08-22,498.16,504.345,498.16,500.905,480.75,36070
2022-08-23,499.08,499.08,491.64,493.01,473.17,39064
2022-08-24,496.245,498.47,493.52,495.37,475.44,27852
2022-08-25,493.68,495.91,492.07,495.44,475.51,50375
2022-08-26,494.985,496.965,486.12,486.5,466.93,60541
2022-08-29,482.98,490.37,480.85,488.495,468.84,42509
2022-08-30,488.52,489.95,484.93,485.67,466.13,24758
2022-08-31,487.15,490.135,481.82,481.82,462.43,49875
2022-09-01,480.59,487.81,480.5,487.11,467.51,31929
2022-09-02,489.55,490.86,482.48,484.57,465.07,46784
2022-09-06,484.475,489.2,478.89,479.81,460.5,41380
2022-09-07,477.71,483.79,475.795,481.59,462.21,57046
2022-09-08,484.63,488.63,482.17,485.83,466.28,29225
2022-09-09,485.61,487.36,478.22,478.245,459.0,68441
2022-09-12,478.32,488.04,477.77,486.37,466.8,41145
2022-09-13,478.24,478.24,466.31,468.16,449.32,44679
2022-09-14,466.6,466.6,454.285,458.28,439.84,78852
2022-09-15,486.54,501.01,484.12,497.2,477.19,158879
2022-09-16,497.17,500.8,491.21,499.7,479.59,50322
2022-09-19,492.94,502.03,492.56,500.89,480.74,45091
2022-09-20,509.005,514.71,501.965,503.13,482.89,91464
2022-09-21,506.53,507.945,491.13,491.23,471.46,33830
2022-09-22,487.44,502.33,485.43,493.9,474.03,70271
2022-09-23,488.91,492.41,478.475,487.17,467.57,54823
2022-09-26,481.39,485.69,476.9,483.0,463.57,43911
2022-09-27,484.18,493.54,483.37,487.79,468.16,88578
2022-09-28,482.25,497.645,476.83,493.84,473.97,62050
2022-09-29,490.84,493.9,488.88,492.1,473.05,44404
2022-09-30,493.62,499.92,484.42,484.98,466.21,73768
2022-10-03,491.19,501.29,491.19,499.92,480.57,31781
2022-10-04,501.95,506.84,499.6,504.03,484.52,36008
2022-10-05,502.63,507.56,498.365,504.2,484.69,56425
2022-10-06,501.38,504.49,498.0,499.11,479.79,47536
2022-10-07,498.385,503.985,497.57,503.25,483.77,61399
2022-10-10,502.83,505.55,490.48,497.53,478.27,64714
2022-10-11,498.26,506.34,493.55,498.39,479.1,52428
2022-10-12,498.58,505.67,494.35,494.44,475.3,38907
2022-10-13,490.03,505.67,486.45,500.24,480.88,86215
2022-10-14,506.56,508.335,493.6,500.94,481.55,81310
2022-10-17,501.86,504.08,498.53,498.8,479.49,48280
2022-10-18,503.61,503.65,497.84,501.48,482.07,49065
2022-10-19,499.18,502.57,494.935,500.72,481.34,32991
2022-10-20,503.785,512.52,503.13,505.63,486.06,61371
2022-10-21,504.16,513.27,503.62,510.66,490.9,68528
2022-10-24,517.015,524.72,517.015,521.95,501.75,46356
2022-10-25,520.615,539.755,520.615,529.58,509.08,102648
2022-10-26,537.56,540.3,535.0,539.23,518.36,77829
2022-10-27,540.43,546.15,536.17,544.58,523.5,63912
2022-10-28,550.39,559.77,546.64,555.78,534.27,87019
2022-10-31,553.13,561.88,550.5,558.68,537.06,65695
2022-11-01,556.23,561.605,550.41,554.02,532.58,106272
2022-11-02,553.195,569.21,553.195,559.4,537.75,90761
2022-11-03,563.43,570.915,561.35,563.02,541.23,119569
2022-11-04,566.1,569.3,546.48,550.91,529.59,131721
2022-11-07,551.69,557.23,548.215,554.17,532.72,104143
2022-11-08,554.24,560.76,551.75,556.72,535.17,73928
2022-11-09,557.04,561.69,553.08,553.43,532.01,39459
2022-11-10,562.64,562.64,543.76,558.15,536.55,95374
2022-11-11,554.02,554.02,517.07,528.69,508.23,160672
2022-11-14,529.35,534.41,526.07,530.16,509.64,123782
2022-11-15,530.88,531.82,511.08,512.6,492.76,168519
2022-11-16,516.44,522.02,511.38,517.315,497.29,99732
2022-11-17,518.435,529.08,517.01,520.135,500.0,73557
2022-11-18,531.03,534.29,524.905,529.71,509.21,61961
2022-11-21,529.37,529.62,520.86,525.25,504.92,77049
2022-11-22,531.94,532.51,528.915,530.92,510.37,102173
2022-11-23,534.24,538.57,532.775,538.3,517.47,68752
2022-11-25,540.655,545.165,540.17,541.23,520.28,35803
2022-11-28,539.05,541.76,533.94,534.38,513.7,61701
2022-11-29,532.805,534.9,529.79,533.4,512.76,64895
2022-11-30,532.65,549.85,528.78,549.37,528.11,110080
2022-12-01,553.89,556.41,544.75,548.5,527.27,59188
2022-12-02,548.0,550.18,544.08,546.88,525.71,52657
2022-12-05,541.95,550.31,541.95,547.42,526.23,38460
2022-12-06,545.86,551.24,539.87,546.01,524.88,78131
2022-12-07,547.95,552.27,546.885,549.14,527.89,40304
2022-12-08,549.68,553.68,546.57,547.3,526.12,69618
2022-12-09,543.33,545.67,533.13,533.14,512.51,71246
2022-12-12,535.68,536.37,525.51,529.87,509.36,121119
2022-12-13,535.02,535.02,520.195,522.69,502.46,168676
2022-12-14,525.41,525.41,516.9,521.35,501.17,84729
2022-12-15,517.68,517.68,502.52,508.42,488.74,87654
2022-12-16,503.98,504.16,495.045,503.7,484.21,65173
2022-12-19,503.885,506.79,500.92,504.45,484.93,58971
2022-12-20,504.085,508.06,500.54,501.42,482.01,49638
2022-12-21,503.74,507.91,499.92,506.78,487.17,39401
2022-12-22,510.81,512.54,505.045,512.53,492.69,42067
2022-12-23,510.57,515.94,510.455,513.7,493.82,23066
2022-12-27,516.015,519.505,513.66,514.05,494.15,34861
2022-12-28,516.73,520.38,514.41,515.31,495.37,35567
2022-12-29,515.48,517.05,512.215,513.06,493.96,20063
2022-12-30,512.72,512.72,507.4,512.13,493.06,28253
2023-01-03,505.87,506.44,490.1,500.7,482.06,81384
2023-01-04,500.595,501.24,484.83,492.21,473.88,81024
2023-01-05,487.66,493.37,483.71,487.99,469.82,123787
2023-01-06,490.97,494.43,488.59,492.655,474.31,73621
2023-01-09,494.715,498.99,479.84,481.74,463.8,81406
2023-01-10,482.75,485.54,478.43,481.45,463.52,92868
2023-01-11,482.96,493.11,480.9,492.96,474.61,57691
2023-01-12,491.83,495.16,482.73,494.45,476.04,59017
2023-01-13,492.86,504.84,489.415,491.36,473.07,142653
2023-01-17,490.78,494.22,489.72,490.5,472.24,80444
2023-01-18,491.145,493.49,484.14,484.48,466.44,85961
2023-01-19,486.775,496.73,486.775,491.82,473.51,71515
2023-01-20,491.915,497.15,490.995,497.08,478.57,72289
2023-01-23,498.195,500.595,493.3,494.49,476.08,82205
2023-01-24,493.51,502.37,491.97,500.63,481.99,70144
2023-01-25,496.325,512.255,496.325,502.24,483.54,69867
2023-01-26,501.39,505.26,498.41,498.97,480.39,68833
2023-01-27,497.14,497.14,480.42,481.52,463.59,99934
2023-01-30,484.38,495.3,484.38,485.185,467.12,95898
2023-01-31,495.505,512.04,494.22,511.75,492.7,205226
2023-02-01,509.4,527.35,500.68,513.33,494.22,195267
2023-02-02,496.89,505.62,483.74,490.03,471.79,264698
2023-02-03,494.46,497.81,475.83,476.035,458.31,104906
2023-02-06,482.77,492.115,481.28,486.925,468.8,113178
2023-02-07,481.01,482.16,471.78,481.105,463.19,121819
2023-02-08,484.295,495.195,484.295,494.175,475.78,148759
2023-02-09,494.805,494.805,488.735,491.875,473.56,108863
2023-02-10,494.91,501.04,493.5,498.5,479.94,84073
2023-02-13,502.12,504.72,498.09,501.85,483.17,37149
2023-02-14,502.485,507.95,500.955,501.7,483.02,38553
2023-02-15,500.675,501.35,496.3,498.09,479.55,43031
2023-02-16,498.0,511.05,497.515,505.96,487.12,53000
2023-02-17,507.04,512.15,507.04,510.11,491.12,61297
2023-02-21,511.365,513.68,502.53,503.12,484.39,70600
2023-02-22,505.185,506.88,502.1,503.635,484.88,51310
2023-02-23,501.71,511.62,501.71,511.02,491.99,109573
2023-02-24,510.08,514.39,506.5,507.04,488.16,97523
2023-02-27,506.475,512.55,504.85,506.63,487.77,68613
2023-02-28,506.43,508.11,490.99,494.97,476.54,57979
2023-03-01,491.61,496.58,491.45,496.03,477.56,37466
2023-03-02,493.72,498.08,492.175,495.59,477.14,42896
2023-03-03,493.99,500.405,491.41,500.405,481.77,50984
2023-03-06,500.34,506.5,498.35,499.48,480.88,60626
2023-03-07,500.59,501.48,492.345,496.25,477.77,53601
2023-03-08,494.57,495.25,487.94,489.78,471.54,58917
2023-03-09,493.5,493.5,483.76,486.48,468.37,40756
2023-03-10,488.925,491.86,478.59,479.44,461.59,78100
2023-03-13,481.36,491.57,479.55,482.28,464.32,93364
2023-03-14,483.95,488.18,477.28,482.12,464.17,64257
2023-03-15,478.875,486.62,478.875,483.88,465.86,56415
2023-03-16,484.1,496.79,482.685,494.5,476.09,118265
2023-03-17,496.39,497.46,488.15,495.42,476.97,122437
2023-03-20,498.04,505.0,494.2,494.2,475.8,60083
2023-03-21,498.45,507.18,497.89,500.38,481.75,64993
2023-03-22,505.08,507.815,498.99,499.16,480.58,52376
2023-03-23,501.055,502.69,488.105,491.83,473.52,57575
2023-03-24,495.64,503.22,491.92,502.495,483.79,81234
2023-03-27,509.91,510.955,503.14,506.63,487.77,50092
2023-03-28,508.125,508.76,480.3,483.02,465.04,120015
2023-03-29,483.45,485.7,478.11,485.7,467.62,98368
2023-03-30,483.86,488.57,479.49,488.57,471.24,68791
2023-03-31,488.835,490.27,483.7,485.51,468.29,106647
2023-04-03,500.75,511.07,494.0,510.31,492.21,101639
2023-04-04,508.63,510.81,501.6,503.38,485.52,87757
2023-04-05,507.6,517.1,502.54,516.21,497.9,106226
2023-04-06,521.07,523.915,515.66,520.135,501.68,110793
2023-04-10,520.86,524.62,519.49,524.5,505.89,76169
2023-04-11,527.32,534.55,527.32,533.58,514.65,54827
2023-04-12,532.43,535.67,530.02,532.06,513.19,48450
2023-04-13,531.95,539.8,531.89,535.02,516.04,52334
2023-04-14,534.82,538.365,523.28,523.56,504.99,58101
2023-04-17,523.0,523.0,514.58,518.48,500.09,41741
2023-04-18,516.73,516.865,510.615,512.77,494.58,38109
2023-04-19,506.38,506.38,489.74,492.76,475.28,82779
2023-04-20,491.38,491.91,487.01,489.74,472.37,69266
2023-04-21,495.4,497.41,485.63,491.43,474.0,118898
2023-04-24,492.84,504.21,490.77,501.78,483.98,82304
2023-04-25,502.97,508.03,500.18,501.8,484.0,73571
2023-04-26,509.0,513.31,496.45,505.77,487.83,115220
2023-04-27,507.0,527.25,506.78,525.23,506.6,86712
2023-04-28,525.95,530.91,523.75,530.6,511.78,54464
2023-05-01,532.71,539.055,531.69,535.14,516.16,60003
2023-05-02,534.94,538.685,530.47,532.96,514.05,87157
2023-05-03,533.72,533.75,526.89,529.99,511.19,47800
2023-05-04,528.905,529.63,524.23,528.52,509.77,35699
2023-05-05,537.525,539.345,531.98,534.805,515.83,22371
2023-05-08,532.87,537.23,531.29,535.915,516.9,64763
2023-05-09,536.61,541.005,526.55,530.21,511.4,78722
2023-05-10,531.045,533.09,527.73,529.79,511.0,45268
2023-05-11,528.75,529.4,525.33,529.28,510.5,40704
2023-05-12,528.295,529.54,524.1,527.4,508.69,35379
2023-05-15,526.345,526.345,521.745,522.09,503.57,18609
2023-05-16,522.175,526.425,517.1,518.35,499.96,50097
2023-05-17,519.24,520.78,512.33,519.83,501.39,37857
2023-05-18,514.955,515.75,509.075,514.0,495.77,42791
2023-05-19,514.86,518.79,511.31,513.545,495.33,54027
2023-05-22,515.3,516.855,512.11,513.63,495.41,27969
2023-05-23,504.02,509.1,496.94,507.29,489.29,86967
2023-05-24,506.795,511.8,505.2,506.51,488.54,35884
2023-05-25,500.685,502.27,496.13,500.25,482.5,65940
2023-05-26,499.995,502.72,495.4,496.84,479.21,42346
2023-05-30,495.5,501.51,492.2,495.32,477.75,40882
2023-05-31,497.52,504.67,496.91,502.07,484.26,52555
2023-06-01,504.99,518.45,504.99,515.27,496.99,53775
2023-06-02,514.935,522.76,513.74,520.585,502.12,63775
2023-06-05,521.55,527.64,521.33,523.745,505.17,45368
2023-06-06,522.57,523.665,506.79,510.45,492.34,81702
2023-06-07,507.23,509.98,502.425,504.56,486.66,53975
2023-06-08,502.48,509.78,501.33,509.655,491.58,47131
2023-06-09,508.86,519.41,508.86,513.25,495.04,50684
2023-06-12,515.76,516.515,508.96,513.11,494.91,34813
2023-06-13,510.105,515.06,509.21,512.33,494.16,69597
2023-06-14,457.725,457.725,435.605,455.0,438.86,550737
2023-06-15,455.51,469.14,454.29,463.43,446.99,202228
2023-06-16,451.62,460.64,443.93,445.61,429.8,229832
2023-06-20,442.49,448.52,441.01,446.6,430.76,123609
2023-06-21,444.025,457.27,444.025,452.445,436.39,93532
2023-06-22,458.06,458.41,452.25,456.36,440.17,74971
2023-06-23,454.045,454.045,445.43,445.67,429.86,80087
2023-06-26,446.4,447.86,443.62,446.33,430.5,66581
2023-06-27,446.55,446.75,441.72,446.02,430.2,65734
2023-06-28,444.68,446.64,442.78,444.76,428.98,52457
2023-06-29,445.835,446.02,442.97,443.875,428.98,55722
2023-06-30,444.16,449.13,441.73,447.09,432.09,66504
2023-07-03,443.43,447.49,443.43,445.965,431.0,34093
2023-07-05,448.0,450.76,444.355,445.06,430.13,121888
2023-07-06,442.05,444.81,440.72,441.01,426.21,91782
2023-07-07,437.0,438.36,429.7,430.125,415.69,166126
2023-07-10,430.58,436.37,427.48,435.33,420.72,160552
2023-07-11,434.78,438.35,434.05,437.375,422.7,134801
2023-07-12,439.185,439.185,424.0,424.86,410.61,267393
2023-07-13,427.0,427.67,423.41,424.035,409.81,391581
2023-07-14,435.46,439.72,433.915,434.975,420.38,246661
2023-07-17,433.42,437.59,432.7,434.48,419.9,71578
2023-07-18,434.95,443.8,434.01,441.0,426.2,189842
2023-07-19,452.67,458.74,444.98,447.185,432.18,155972
2023-07-20,451.72,451.745,445.85,447.33,432.32,136254
2023-07-21,448.82,458.44,447.95,456.73,441.41,143901
2023-07-24,456.87,458.55,452.5,453.925,438.69,97718
2023-07-25,455.14,456.43,450.99,454.33,439.09,182664
2023-07-26,453.55,455.91,447.69,447.84,432.81,129466
2023-07-27,449.99,456.64,449.66,451.02,435.89,238889
2023-07-28,452.495,455.53,446.59,453.25,438.04,130925
2023-07-31,455.04,458.23,451.77,456.95,441.62,58783
2023-08-01,458.91,460.97,455.61,458.105,442.73,64312
2023-08-02,479.1,488.64,478.685,483.88,467.64,144801
2023-08-03,483.91,491.545,481.18,487.135,470.79,77349
2023-08-04,489.565,491.2,484.205,484.21,467.96,97635
2023-08-07,486.22,497.84,486.22,494.65,478.05,81781
2023-08-08,492.865,495.94,489.85,493.23,476.68,35357
2023-08-09,494.07,498.43,491.26,493.43,476.87,36235
2023-08-10,496.04,500.15,494.185,495.0,478.39,58974
2023-08-11,494.3,496.66,493.0,493.69,477.13,26378
2023-08-14,495.35,498.93,494.03,497.16,480.48,27296
2023-08-15,495.85,496.415,492.46,495.23,478.61,22351
2023-08-16,495.55,498.88,492.575,494.65,478.05,38746
2023-08-17,494.385,494.385,487.485,488.47,472.08,40359
2023-08-18,489.89,492.18,489.045,490.39,473.94,31505
2023-08-21,490.615,491.87,487.975,491.27,474.79,44555
2023-08-22,490.305,491.81,483.445,484.28,468.03,32116
2023-08-23,484.855,485.365,479.34,481.34,465.19,29259
2023-08-24,481.39,486.71,481.105,482.85,466.65,32445
2023-08-25,484.22,485.45,478.76,478.815,462.75,31597
2023-08-28,478.865,481.79,478.37,480.665,464.54,26448
2023-08-29,480.545,482.21,477.56,481.21,465.06,21250
2023-08-30,481.915,483.525,474.64,475.29,459.34,35112
2023-08-31,474.765,475.05,461.32,461.41,445.93,49793
2023-09-01,464.08,466.03,456.25,460.52,445.07,39730
2023-09-05,462.31,473.67,461.64,470.15,454.38,63269
2023-09-06,468.84,470.725,462.655,465.09,449.49,41822
2023-09-07,468.385,474.59,468.375,472.13,456.29,19010
2023-09-08,470.59,470.59,464.85,467.7,452.01,21508
2023-09-11,470.17,472.525,465.34,467.2,451.52,31927
2023-09-12,465.385,472.13,460.73,469.24,453.5,42165
2023-09-13,470.08,479.335,461.04,472.54,456.69,49699
2023-09-14,476.58,476.99,469.07,471.76,455.93,30005
2023-09-15,471.975,474.74,469.15,470.71,454.92,38332
2023-09-18,472.58,474.31,468.94,474.28,458.37,41939
2023-09-19,474.505,477.01,471.58,473.83,457.93,40515
2023-09-20,475.02,485.91,472.28,484.46,468.21,55090
2023-09-21,486.03,498.29,486.03,494.25,477.67,110732
2023-09-22,494.35,499.02,492.635,494.21,477.63,55580
2023-09-25,494.95,501.53,493.705,500.71,483.91,39271
2023-09-26,499.07,500.66,492.79,493.38,476.83,46754
2023-09-27,493.14,494.39,488.49,493.68,477.12,23907
2023-09-28,493.0,501.56,493.0,495.08,479.33,51474
2023-09-29,492.85,494.58,486.49,486.49,471.01,43237
2023-10-02,481.57,493.74,480.08,491.895,476.24,36775
2023-10-03,487.04,491.445,485.245,488.41,472.87,37499
2023-10-04,487.71,489.28,482.52,485.675,470.22,38254
2023-10-05,486.53,489.49,484.58,489.33,473.76,64095
2023-10-06,490.35,502.92,490.35,498.16,482.31,35569
2023-10-09,499.49,502.95,497.4,502.07,486.1,30031
2023-10-10,500.45,502.79,499.53,500.23,484.31,21813
2023-10-11,492.995,494.87,486.6,494.2,478.48,86878
2023-10-12,494.165,502.96,489.33,499.26,483.38,39884
2023-10-13,509.73,514.46,500.53,505.95,489.85,90388
2023-10-16,514.73,525.655,514.73,524.13,507.45,60214
2023-10-17,525.045,530.09,519.9,519.97,503.43,36146
2023-10-18,529.0,529.0,520.8,521.715,505.12,44260
2023-10-19,520.915,524.07,518.08,523.18,506.53,50016
2023-10-20,525.76,525.98,519.5,521.035,504.46,39050
2023-10-23,520.56,520.56,513.19,515.45,499.05,20283
2023-10-24,520.125,524.2,516.235,516.485,500.05,21379
2023-10-25,516.27,524.54,514.78,522.89,506.25,33022
2023-10-26,517.69,519.1,512.345,513.32,496.99,45750
2023-10-27,510.29,516.085,508.78,509.83,493.61,38857
2023-10-30,511.455,519.94,508.95,517.94,501.46,47761
2023-10-31,519.32,525.4,519.32,523.63,506.97,100723
2023-11-01,500.31,515.33,488.785,489.21,473.65,140093
2023-11-02,488.0,488.0,472.14,481.07,465.76,118576
2023-11-03,478.74,481.12,475.18,476.87,461.7,73673
2023-11-06,479.0,490.08,474.25,487.29,471.79,99590
2023-11-07,491.0,503.5,490.77,498.31,482.46,118824
2023-11-08,498.69,498.69,487.74,488.44,472.9,54074
2023-11-09,488.68,498.18,488.22,494.6,478.86,39196
2023-11-10,491.3,495.52,490.175,493.0,477.31,22599
2023-11-13,494.08,498.33,494.08,497.35,481.53,27066
2023-11-14,491.77,504.54,490.65,501.87,485.9,44998
2023-11-15,500.975,508.99,496.37,506.93,490.8,45942
2023-11-16,508.21,519.97,508.21,513.0,496.68,63845
2023-11-17,505.845,508.96,496.2,498.31,482.46,78490
2023-11-20,496.09,502.51,495.0,501.97,486.0,63546
2023-11-21,501.57,508.75,501.57,507.26,491.12,35107
2023-11-22,510.01,516.43,510.01,516.14,499.72,44921
2023-11-24,518.965,518.965,514.94,517.885,501.41,20909
2023-11-27,525.58,525.58,510.69,510.74,494.49,35896
2023-11-28,512.49,515.04,510.55,511.41,495.14,46694
2023-11-29,497.25,525.57,480.565,482.45,467.1,364347
2023-11-30,483.915,489.36,478.62,484.655,469.24,202034
2023-12-01,482.165,504.58,480.49,495.2,479.44,132994
2023-12-04,494.7,498.71,486.74,491.85,476.2,74652
2023-12-05,490.24,502.65,488.47,500.7,484.77,58524
2023-12-06,497.16,498.11,483.265,483.97,468.57,107022
2023-12-07,483.0,485.335,472.37,480.26,464.98,124623
2023-12-08,480.22,481.89,475.33,481.74,466.41,72825
2023-12-11,482.645,482.645,468.82,476.22,461.07,129111
2023-12-12,481.05,483.71,477.95,481.635,466.31,83237
2023-12-13,481.18,488.73,480.43,488.03,472.5,54034
2023-12-14,483.21,483.21,466.77,468.91,453.99,116590
2023-12-15,464.03,466.83,459.37,461.4,446.72,96980
2023-12-18,460.385,462.065,457.3,460.04,445.4,53370
2023-12-19,456.98,463.685,456.98,463.65,448.9,51769
2023-12-20,459.38,459.38,451.62,451.7,437.33,104838
2023-12-21,452.955,454.81,451.435,454.065,439.62,91176
2023-12-22,453.645,455.12,451.57,453.07,438.66,65830
2023-12-26,452.35,453.35,450.01,452.93,438.52,40985
2023-12-27,452.7,452.7,449.0,451.46,437.1,106648
2023-12-28,450.46,459.21,450.46,455.78,442.15,46759
2023-12-29,457.35,458.79,454.915,457.87,444.17,35977
2024-01-02,460.27,471.44,460.27,470.185,456.12,85255
2024-01-03,474.7,474.7,463.885,464.555,450.66,56801
2024-01-04,469.055,470.93,466.3,466.57,452.61,32545
2024-01-05,461.85,461.85,453.88,458.27,444.56,82716
2024-01-08,459.305,463.54,452.0,460.71,446.93,117992
2024-01-09,462.0,462.0,456.115,459.155,445.42,110063
2024-01-10,459.275,460.355,456.16,459.11,445.38,95476
2024-01-11,458.725,458.98,453.53,454.94,441.33,56305
2024-01-12,430.66,444.46,430.66,438.58,425.46,200392
2024-01-16,439.88,440.445,434.36,438.88,425.75,162143
2024-01-17,440.85,455.44,439.37,447.75,434.36,279149
2024-01-18,393.97,415.73,390.74,412.32,399.99,714728
2024-01-19,410.695,412.205,401.01,401.47,389.46,243724
2024-01-22,398.63,411.54,397.435,409.575,397.32,124231
2024-01-23,408.36,410.265,404.04,407.5,395.31,100825
2024-01-24,407.44,411.42,401.08,402.48,390.44,177098
2024-01-25,360.0,364.62,342.69,355.1,344.48,673531
2024-01-26,355.035,368.64,354.31,361.23,350.42,389637
2024-01-29,363.065,367.62,358.77,366.0,355.05,161814
2024-01-30,368.155,377.98,366.06,376.89,365.62,254668
2024-01-31,381.53,381.8,375.51,377.98,366.67,218213
2024-02-01,376.67,379.435,370.0,375.63,364.39,303410
2024-02-02,377.76,382.56,375.04,379.08,367.74,129071
2024-02-05,374.22,375.36,358.86,361.06,350.26,216446
2024-02-06,362.0,368.325,359.565,366.04,355.09,146531
2024-02-07,369.635,371.67,366.64,368.47,357.45,158353
2024-02-08,370.0,372.6,367.0,367.69,356.69,84756
2024-02-09,367.96,371.12,366.53,370.12,359.05,77790
2024-02-12,370.34,371.6,367.43,369.22,358.18,47529
2024-02-13,371.0,372.78,364.43,364.43,353.53,83322
2024-02-14,363.86,363.86,361.01,362.36,351.52,68105
2024-02-15,363.585,366.42,362.68,364.0,353.11,74365
2024-02-16,365.315,368.93,365.31,367.055,356.07,84188
2024-02-20,367.23,369.195,365.265,367.26,356.27,114466
2024-02-21,368.89,369.4,364.95,367.57,356.57,50837
2024-02-22,366.305,369.335,363.73,368.09,357.08,88204
2024-02-23,367.72,369.245,361.77,362.69,351.84,74276
2024-02-26,363.81,365.945,358.04,359.98,349.21,59164
2024-02-27,359.7,366.45,357.39,362.775,351.92,118463
2024-02-28,360.99,361.07,350.8,351.07,340.57,116914
2024-02-29,351.75,353.0,346.48,350.33,339.85,150048
2024-03-01,346.48,351.73,346.36,351.565,341.05,80520
2024-03-04,350.82,352.325,346.78,347.1,336.72,103369
2024-03-05,346.995,351.45,337.24,337.84,327.73,150193
2024-03-06,337.775,341.965,336.59,339.09,328.95,86220
2024-03-07,338.92,342.115,334.89,340.97,330.77,96747
2024-03-08,341.24,343.72,338.73,339.47,329.32,58509
2024-03-11,339.1,348.635,338.62,347.045,336.66,59776
2024-03-12,346.37,346.37,340.37,345.34,335.01,68496
2024-03-13,346.8,350.77,344.885,345.56,335.22,48483
2024-03-14,344.55,349.135,344.55,349.07,338.63,70682
2024-03-15,347.07,349.14,345.08,348.08,337.67,59545
2024-03-18,348.13,349.73,344.55,347.185,336.8,40080
2024-03-19,348.49,352.25,348.49,351.45,340.94,32505
2024-03-20,350.685,351.88,347.33,348.53,338.1,82539
2024-03-21,347.64,351.615,347.51,347.54,337.14,70168
2024-03-22,348.39,353.96,348.39,348.635,338.21,68131
2024-03-25,348.655,348.98,346.46,346.83,336.45,42053
2024-03-26,348.635,350.13,347.6,348.62,338.19,56934
2024-03-27,349.17,350.925,347.87,349.36,339.77,38320
2024-03-28,350.15,350.79,346.0,346.86,337.34,79277
2024-04-01,348.175,352.54,347.875,351.47,341.82,44377
2024-04-02,315.625,320.0,299.295,304.06,295.72,390956
2024-04-03,305.845,312.615,302.94,308.2,299.74,119180
2024-04-04,309.305,314.41,308.35,310.185,301.67,103037
2024-04-05,307.705,314.165,307.705,313.005,304.42,64127
2024-04-08,312.28,318.74,311.37,317.07,308.37,55190
2024-04-09,316.435,319.58,315.93,319.58,310.81,28944
2024-04-10,317.995,321.085,315.515,319.01,310.26,51555
2024-04-11,320.1,320.405,315.5,316.05,307.38,47862
2024-04-12,315.46,315.775,310.39,312.49,303.91,45190
2024-04-15,314.775,317.39,313.27,314.14,305.52,47884
2024-04-16,328.1,329.09,317.605,317.605,308.89,59913
2024-04-17,319.76,323.975,318.19,323.465,314.59,69261
2024-04-18,328.04,330.39,324.11,324.67,315.76,58845
2024-04-19,327.625,329.705,327.12,328.23,319.22,74331
2024-04-22,327.755,334.25,324.67,325.265,316.34,84154
2024-04-23,323.295,327.86,323.12,327.86,318.86,75523
2024-04-24,334.0,334.0,309.42,316.175,307.5,206443
2024-04-25,314.305,314.305,308.54,311.445,302.9,81689
2024-04-26,308.6,310.5,305.86,305.985,297.59,72142
2024-04-29,305.87,307.25,301.99,303.2,294.88,115143
2024-04-30,302.18,305.93,301.65,302.005,293.72,64959
2024-05-01,299.63,320.44,299.63,314.225,305.6,154357
2024-05-02,315.405,321.23,313.205,321.23,312.41,71639
2024-05-03,318.98,320.815,316.8,320.32,311.53,62940
2024-05-06,322.24,322.53,318.19,319.26,310.5,84779
2024-05-07,321.105,324.96,320.245,324.81,315.9,34620
2024-05-08,326.0,326.37,322.34,323.89,315.0,49149
2024-05-09,326.01,334.86,324.73,334.325,325.15,93488
2024-05-10,335.75,338.46,334.49,335.45,326.24,64406
2024-05-13,336.13,344.64,336.04,339.97,330.64,65141
2024-05-14,341.09,344.8,338.65,344.49,335.04,110564
2024-05-15,346.28,347.28,342.56,347.21,337.68,69048
2024-05-16,350.065,356.12,349.3,355.1,345.35,75012
2024-05-17,353.975,356.45,353.005,356.13,346.36,39217
2024-05-20,354.315,356.3,354.005,355.31,345.56,38887
2024-05-21,355.585,357.01,354.02,355.57,345.81,47659
2024-05-22,354.89,357.86,354.89,356.67,346.88,42542
2024-05-23,353.625,354.47,351.74,352.165,342.5,82133
2024-05-24,352.31,352.31,347.715,349.27,339.68,53359
2024-05-28,348.765,350.55,346.41,349.13,339.55,66935
2024-05-29,345.115,347.08,328.09,345.26,335.78,105481
2024-05-30,344.59,352.475,343.62,347.44,337.91,75700
2024-05-31,348.965,358.085,348.965,358.085,348.26,65508
2024-06-03,360.99,365.07,358.32,364.07,354.08,46018
2024-06-04,360.67,363.09,358.08,360.99,351.08,61595
2024-06-05,360.435,361.995,357.925,360.97,351.06,73383
2024-06-06,361.32,364.97,353.47,355.32,345.57,90339
2024-06-07,355.885,355.885,350.7,351.82,342.16,40449
2024-06-10,349.5,350.64,344.08,349.16,339.58,46902
2024-06-11,349.94,354.335,349.94,351.785,342.13,40806
2024-06-12,348.98,352.615,348.98,352.37,342.7,53271
2024-06-13,353.41,365.175,349.82,358.04,348.21,63433
2024-06-14,354.4,359.095,353.48,358.94,349.09,28731
2024-06-17,355.1,356.59,353.66,355.27,345.52,35687
2024-06-18,356.455,358.02,349.36,349.36,339.77,36702
2024-06-20,350.045,358.385,350.02,357.58,347.77,58155
2024-06-21,357.42,360.11,354.89,355.31,345.56,42996
2024-06-24,355.635,358.64,354.09,358.06,348.23,26469
2024-06-25,356.88,358.6,356.01,356.055,346.28,34805
2024-06-26,358.09,361.485,358.09,361.15,351.24,17669
2024-06-27,360.74,363.35,358.785,363.095,353.13,37444
2024-06-28,370.63,388.4,370.27,373.42,364.06,141282
2024-07-01,374.23,379.57,371.74,373.675,364.31,88672
2024-07-02,374.81,377.94,374.06,374.96,365.56,84681
2024-07-03,375.935,375.935,362.84,362.84,353.74,42431
2024-07-05,366.18,369.3,362.5,368.81,359.57,44862
2024-07-08,368.125,375.59,367.805,370.485,361.2,39625
2024-07-09,369.0,375.7,365.53,373.44,364.08,110106
2024-07-10,371.92,379.195,371.615,379.05,369.55,93278
2024-07-11,377.725,383.925,377.18,379.65,370.13,36681
2024-07-12,379.815,383.035,373.06,382.02,372.44,61483
2024-07-15,394.41,395.06,383.775,383.775,374.16,65780
2024-07-16,394.22,400.72,391.895,395.7,385.78,81457
2024-07-17,394.44,404.305,394.42,402.33,392.25,92287
2024-07-18,399.24,406.15,387.0,388.79,379.04,167589
2024-07-19,384.49,389.33,380.53,387.42,377.71,73538
2024-07-22,382.85,386.73,381.55,384.96,375.31,25037
2024-07-23,384.515,388.425,380.37,385.97,376.3,53745
2024-07-24,384.27,388.8,381.7,386.46,376.77,44036
2024-07-25,391.01,397.85,386.18,386.35,376.67,48231
2024-07-26,388.955,400.07,388.955,392.65,382.81,34771
2024-07-29,391.47,393.135,384.64,392.6,382.76,49675
2024-07-30,393.05,405.87,392.6,403.93,393.8,119234
2024-07-31,365.825,380.51,356.45,361.57,352.51,278144
2024-08-01,360.95,362.91,351.17,359.32,350.31,114013
2024-08-02,360.22,363.81,356.955,363.42,354.31,49596
2024-08-05,358.4,361.29,352.17,356.31,347.38,59345
2024-08-06,357.56,360.22,353.84,355.14,346.24,53896
2024-08-07,353.36,357.02,344.93,345.55,336.89,46513
2024-08-08,344.85,350.64,343.575,350.24,341.46,57995
2024-08-09,347.98,351.05,347.67,351.05,342.25,32792
2024-08-12,348.725,351.64,348.14,348.71,339.97,33372
2024-08-13,349.84,356.93,349.84,356.79,347.85,29861
2024-08-14,357.23,360.38,355.65,356.445,347.51,32816
2024-08-15,357.245,358.08,354.98,357.26,348.3,35148
2024-08-16,354.645,355.98,350.1,350.25,341.47,38115
2024-08-19,352.18,357.495,352.18,352.825,343.98,33117
2024-08-20,353.245,358.255,351.19,357.02,348.07,64029
2024-08-21,357.43,360.51,356.32,358.225,349.25,43540
2024-08-22,358.95,359.805,348.51,354.9,346.0,72219
2024-08-23,354.69,356.11,350.905,352.75,343.91,49942
2024-08-26,354.315,356.09,351.81,352.95,344.1,39277
2024-08-27,353.115,354.74,349.5,353.63,344.77,36146
2024-08-28,354.005,355.165,349.19,352.47,343.63,28161
2024-08-29,352.675,352.95,348.63,351.465,342.66,43462
2024-08-30,351.16,354.64,351.16,354.54,345.65,33664
2024-09-03,354.47,364.125,354.47,363.51,354.4,52950
2024-09-04,358.49,382.015,358.49,371.33,362.02,116290
2024-09-05,373.655,374.15,358.495,365.01,355.86,89566
2024-09-06,367.49,369.17,357.27,358.02,349.05,75282
2024-09-09,354.625,354.625,338.42,343.875,335.26,138690
2024-09-10,343.425,347.94,340.72,346.5,337.81,79350
2024-09-11,329.685,333.76,325.25,328.06,319.84,136797
2024-09-12,329.015,330.1,321.53,324.6,316.46,100564
2024-09-13,325.43,325.43,320.69,321.43,313.37,87597
2024-09-16,321.22,321.22,313.34,315.18,307.28,136050
2024-09-17,313.75,315.255,310.92,311.835,304.02,118947
2024-09-18,312.0,317.24,311.865,315.45,307.54,116554
2024-09-19,316.63,318.845,311.87,312.0,304.18,56849
2024-09-20,310.855,312.45,307.78,310.46,302.68,72591
2024-09-23,309.25,314.365,308.755,312.76,304.92,50555
2024-09-24,311.38,317.34,311.04,312.33,304.5,64144
2024-09-25,313.59,314.29,309.14,311.83,304.01,38991
2024-09-26,312.59,314.72,310.755,313.245,305.39,57868
2024-09-27,314.96,321.9,314.76,319.58,311.57,77089
2024-09-30,320.375,324.23,316.555,316.63,309.55,75931
2024-10-01,315.36,315.4,277.115,279.42,273.17,290513
2024-10-02,219.76,249.87,213.665,246.485,240.97,943581
2024-10-03,245.43,245.43,237.615,241.935,236.53,248610
2024-10-04,242.02,246.83,239.67,240.05,234.68,116781
2024-10-07,235.6,237.345,230.6,236.315,231.03,124463
2024-10-08,240.64,246.565,240.5,243.23,237.79,143398
2024-10-09,243.165,245.55,242.2,245.3,239.82,120213
2024-10-10,246.3,252.195,245.705,251.42,245.8,132673
2024-10-11,247.45,260.35,247.45,258.11,252.34,271437
2024-10-14,260.725,270.95,259.56,267.68,261.69,179461
2024-10-15,252.205,264.81,252.205,257.63,251.87,190801
2024-10-16,257.245,260.335,255.29,255.75,250.03,115984
2024-10-17,248.615,266.665,248.615,266.52,260.56,142809
2024-10-18,265.765,271.9,258.99,266.93,260.96,264726
2024-10-21,268.49,275.0,257.735,260.5,254.68,231992
2024-10-22,261.59,265.035,259.86,262.245,256.38,114791
2024-10-23,262.69,262.69,256.75,258.74,252.95,85283
2024-10-24,262.25,264.31,258.14,258.53,252.75,116640
2024-10-25,263.35,266.69,259.8,260.695,254.87,92622
2024-10-28,260.005,265.6,258.955,260.995,255.16,59812
2024-10-29,261.845,264.0,257.49,257.75,251.99,82918
2024-10-30,264.61,273.17,259.99,266.43,260.47,203716
2024-10-31,257.77,265.18,256.62,257.67,251.91,59997
2024-11-01,259.675,264.51,259.675,260.79,254.96,55185
2024-11-04,260.495,261.43,251.98,255.55,249.84,93264
2024-11-05,254.675,261.59,254.55,260.73,254.9,57963
2024-11-06,289.54,289.94,278.08,288.7,282.24,243256
2024-11-07,289.29,297.49,285.555,287.54,281.11,172964
2024-11-08,289.82,293.255,286.1,288.27,281.82,89839
2024-11-11,273.35,283.45,271.015,282.12,275.81,117415
2024-11-12,282.455,282.955,274.66,280.01,273.75,96802
2024-11-13,280.405,291.035,277.57,289.74,283.26,116991
2024-11-14,285.89,288.415,280.68,282.93,276.6,160786
2024-11-15,281.395,282.06,274.66,275.675,269.51,78867
2024-11-18,275.395,278.79,270.91,271.2,265.14,93040
2024-11-19,270.965,278.18,268.41,277.82,271.61,63412
2024-11-20,283.0,295.63,283.0,293.88,287.31,173442
2024-11-21,291.645,296.425,291.645,296.015,289.4,83448
2024-11-22,296.42,302.63,295.45,298.2,291.53,79729
2024-11-25,312.01,312.36,303.93,303.93,297.13,81863
2024-11-26,302.895,303.22,294.65,295.59,288.98,80831
2024-11-27,297.55,298.76,295.685,296.75,290.11,31032
2024-11-29,295.73,298.86,295.73,296.68,290.05,36790
2024-12-02,294.645,295.66,291.775,292.97,286.42,39461
2024-12-03,290.38,294.14,287.405,290.83,284.33,49623
2024-12-04,288.29,288.58,283.38,288.0,281.56,54676
2024-12-05,287.195,287.195,281.91,282.93,276.6,50862
2024-12-06,282.375,283.195,274.91,281.71,275.41,64480
2024-12-09,283.365,288.835,282.395,286.06,279.66,52457
2024-12-10,286.6,290.44,285.465,285.85,279.46,35691
2024-12-11,283.73,284.71,275.72,278.14,271.92,83619
2024-12-12,277.125,279.82,272.8,272.99,266.89,82660
2024-12-13,271.37,274.125,269.49,273.98,267.85,63856
2024-12-16,272.35,275.9,257.59,260.54,254.71,140577
2024-12-17,258.6,258.6,233.03,233.895,228.67,301990
2024-12-18,236.43,242.16,236.15,239.845,234.48,110111
2024-12-19,238.94,239.73,231.77,235.85,230.58,101234
2024-12-20,234.925,252.38,234.925,247.37,241.84,140616
2024-12-23,247.645,247.645,244.82,245.49,240.0,6420
2024-12-24,254.39,255.84,253.23,255.51,249.8,18870
2024-12-26,254.26,258.21,254.26,256.25,250.52,35245
2024-12-27,254.76,257.06,253.95,255.79,250.07,40751
2024-12-30,252.09,256.165,251.23,254.455,248.77,65191
2024-12-31,254.25,258.0,251.32,253.62,248.82,34907
2025-01-02,256.955,257.63,252.23,252.68,247.89,27837
2025-01-03,254.57,265.36,254.57,262.51,257.54,55171
2025-01-06,268.24,271.255,263.22,264.27,259.26,42927
2025-01-07,266.45,271.15,265.55,267.76,262.69,33159
2025-01-08,262.86,268.88,260.8,268.455,263.37,47514
2025-01-10,267.905,275.245,267.905,269.14,264.04,78232
2025-01-13,282.21,290.28,278.95,287.32,281.88,75810
2025-01-14,285.255,287.22,281.39,282.79,277.43,46977
2025-01-15,282.49,282.935,279.37,279.8,274.5,50241
2025-01-16,277.46,278.41,268.56,275.63,270.41,77244
2025-01-17,275.74,287.02,270.865,282.77,277.41,88878
2025-01-21,281.16,284.83,280.9,284.65,279.26,38261
2025-01-22,282.435,285.675,278.58,284.91,279.51,40249
2025-01-23,288.96,306.575,282.69,293.9,288.33,277935
2025-01-24,291.825,298.075,290.17,294.62,289.04,69227
2025-01-27,297.98,303.4,297.15,297.73,292.09,91739
2025-01-28,298.27,303.91,297.32,303.18,297.44,55815
2025-01-29,302.87,304.65,292.465,293.99,288.42,78490
2025-01-30,293.88,297.665,292.37,296.92,291.3,39594
2025-01-31,295.39,296.57,292.815,293.19,287.64,72617
2025-02-03,292.74,295.495,290.5,292.92,287.37,77013
2025-02-04,287.72,297.555,287.72,295.62,290.02,100477
2025-02-05,293.88,294.41,286.47,290.62,285.11,56208
2025-02-06,290.3,290.99,277.41,279.75,274.45,76242
2025-02-07,279.525,280.97,273.71,273.76,268.57,59215
2025-02-10,270.04,270.04,259.54,266.83,261.78,186670
2025-02-11,272.87,272.87,242.78,258.04,253.15,291895
2025-02-12,260.785,268.24,258.67,259.82,254.9,170521
2025-02-13,261.0,261.0,251.99,252.93,248.14,112561
2025-02-14,253.745,258.15,250.255,253.81,249.0,141830
2025-02-18,252.63,258.94,251.085,257.37,252.49,102304
2025-02-19,256.85,265.835,256.0,265.6,260.57,86041
2025-02-20,264.505,272.05,264.505,271.38,266.24,54076
2025-02-21,257.285,263.18,253.205,255.86,251.01,152525
2025-02-24,254.72,259.55,254.72,255.03,250.2,136319
2025-02-25,256.445,259.68,249.22,259.52,254.6,85912
2025-02-26,258.0,258.34,252.54,255.085,250.25,74015
2025-02-27,257.14,262.705,257.035,261.29,256.34,113984
2025-02-28,265.32,271.21,264.07,270.345,265.22,93249
2025-03-03,269.04,272.57,261.13,261.48,256.53,106646
2025-03-04,260.765,266.27,260.41,262.87,257.89,76774
2025-03-05,262.52,264.49,259.38,262.1,257.13,60941
2025-03-06,261.715,267.15,260.68,265.71,260.68,77401
2025-03-07,263.655,268.5,259.18,259.78,254.86,117640
2025-03-10,261.93,262.74,249.13,251.15,246.39,148498
2025-03-11,252.77,255.06,248.3,250.11,245.37,101545
2025-03-12,250.4,252.82,247.12,249.17,244.45,83994
2025-03-13,248.915,252.29,245.58,251.785,247.02,67167
2025-03-14,253.59,259.12,251.305,252.835,248.05,83258
2025-03-17,254.54,265.54,254.415,264.36,259.35,84227
2025-03-18,264.745,271.31,264.745,269.83,264.72,81399
2025-03-19,267.06,269.595,264.33,267.09,262.03,52710
2025-03-20,266.745,268.48,265.595,266.63,261.58,45796
2025-03-21,263.84,268.72,263.745,266.255,261.21,49474
2025-03-24,266.13,272.58,266.13,271.67,266.52,40468
2025-03-25,271.185,274.0,269.38,273.92,268.73,46891
2025-03-26,273.15,275.04,266.68,270.25,265.13,37442
2025-03-27,271.555,273.63,267.8,270.33,265.21,43744
2025-03-28,269.94,270.58,263.92,264.495,260.34,55106
2025-03-31,263.69,266.37,260.9,264.51,260.35,55756
2025-04-01,265.65,268.22,262.175,264.66,260.5,49331
2025-04-02,263.645,265.51,261.195,265.51,261.34,62181
2025-04-03,265.5,274.45,264.64,265.32,261.15,74189
2025-04-04,263.575,270.71,253.2,253.96,249.97,107139
2025-04-07,248.555,255.96,243.425,254.59,250.59,87405
2025-04-08,291.25,292.15,274.87,281.865,277.43,184579
2025-04-09,280.145,290.2,271.915,285.51,281.02,112766
2025-04-10,286.59,293.82,281.47,290.22,285.66,117568
2025-04-11,288.33,296.075,286.05,294.95,290.31,116534
2025-04-14,297.24,297.24,282.09,284.7,280.22,103913
2025-04-15,283.825,288.22,281.555,286.83,282.32,65627
2025-04-16,287.0,291.24,282.05,285.63,281.14,51106
2025-04-17,256.25,270.0,256.04,264.37,260.21,166424
2025-04-21,259.755,259.755,243.65,245.95,242.08,77595
2025-04-22,250.3,259.17,250.17,259.17,255.1,67005
2025-04-23,259.64,265.235,259.64,263.47,259.33,41219
2025-04-24,259.75,267.86,259.75,267.73,263.52,35385
2025-04-25,263.085,267.12,262.69,264.29,260.13,56367
2025-04-28,266.295,266.54,260.15,263.16,259.02,65011
2025-04-29,262.08,263.62,258.015,259.53,255.45,119933
2025-04-30,273.445,275.39,254.84,262.28,258.16,109426
2025-05-01,265.24,266.68,255.86,255.86,251.84,70992
2025-05-02,258.25,260.08,254.325,258.46,254.4,133336
2025-05-05,256.91,259.815,256.085,256.88,252.84,67747
2025-05-06,256.04,257.12,251.0,251.725,247.77,56614
2025-05-07,253.76,254.13,250.21,253.07,249.09,38247
2025-05-08,253.46,255.825,252.985,253.325,249.34,75302
2025-05-09,253.435,254.16,248.775,249.59,245.67,55154
2025-05-12,254.62,254.62,248.54,252.66,248.69,64829
2025-05-13,239.59,240.61,228.91,228.975,225.37,188916
2025-05-14,234.98,234.98,228.71,230.55,226.93,114371
2025-05-15,226.0,227.49,213.24,227.49,223.91,147812
2025-05-16,231.495,239.11,228.81,237.66,233.92,85228
2025-05-19,243.815,247.88,239.96,247.43,243.54,70963
2025-05-20,249.125,255.605,247.555,255.345,251.33,93658
2025-05-21,249.355,252.565,245.765,245.765,241.9,91967
2025-05-22,232.36,237.76,226.11,227.25,223.68,109323
2025-05-23,227.655,229.005,222.395,224.83,221.3,61280
2025-05-27,226.59,226.92,221.57,226.425,222.87,54038
2025-05-28,227.5,232.42,226.79,227.8,224.22,61706
2025-05-29,228.41,231.235,226.22,229.88,226.27,49834
2025-05-30,229.445,233.78,228.64,233.02,229.36,46084
2025-06-02,232.32,232.58,225.97,231.15,227.52,35993
2025-06-03,227.5,235.3,227.25,233.44,229.77,51880
2025-06-04,235.35,236.55,230.66,230.66,227.03,33273
2025-06-05,231.37,233.47,226.09,227.17,223.6,79880
2025-06-06,229.33,232.02,227.64,230.44,226.82,73826
2025-06-09,231.0,236.32,231.0,233.04,229.38,47121
2025-06-10,233.935,235.78,231.27,231.99,228.34,43019
2025-06-11,233.79,237.58,231.12,231.91,228.26,42197
2025-06-12,230.89,234.97,227.89,234.81,231.12,50211
2025-06-13,234.25,236.11,233.0,235.28,231.58,44921
2025-06-16,234.155,236.425,229.36,235.62,231.92,123168
2025-06-17,234.55,244.745,234.55,241.65,237.85,183664
2025-06-18,242.28,245.845,239.97,243.36,239.53,88278
2025-06-20,244.515,245.94,239.34,239.65,235.88,34621
2025-06-23,238.52,240.44,233.91,234.81,231.12,68780
2025-06-24,234.46,239.47,233.88,238.61,234.86,43886
2025-06-25,238.505,240.96,236.67,238.76,235.01,48554
2025-06-26,242.39,243.21,239.05,240.045,236.27,48051
2025-06-27,239.32,244.13,239.32,241.89,238.97,68721
2025-06-30,240.94,244.69,240.94,244.63,241.68,44808
2025-07-01,243.415,252.68,243.23,252.57,249.52,86067
2025-07-02,248.19,250.27,241.815,243.76,240.82,143080
2025-07-03,244.85,244.85,238.27,239.66,236.77,39487
2025-07-07,238.275,238.745,234.48,237.165,234.3,54585
2025-07-08,236.75,239.67,234.895,237.5,234.63,39729
2025-07-09,237.055,237.055,234.33,236.6,233.74,33064
2025-07-10,234.42,236.72,231.47,232.1,229.3,40734
2025-07-11,229.98,231.3,228.675,230.73,227.94,42411
2025-07-14,230.63,230.63,226.69,227.3,224.55,37980
2025-07-15,228.175,229.08,221.39,221.86,219.18,63740
2025-07-16,222.87,227.19,222.87,226.73,223.99,45282
2025-07-17,225.825,227.72,217.0,223.63,220.93,73315
2025-07-18,222.96,223.685,206.99,220.46,217.8,263752
2025-07-21,223.25,226.61,221.995,223.71,221.01,119073
2025-07-22,224.95,231.905,224.95,231.17,228.38,93716
2025-07-23,234.775,237.22,231.2,236.89,234.03,67260
2025-07-24,235.54,236.51,227.97,229.42,226.65,52253
2025-07-25,234.68,239.73,233.83,238.215,235.34,57124
2025-07-28,237.64,239.29,231.18,231.38,228.59,135304
2025-07-29,228.77,236.88,228.515,232.99,230.18,111472
2025-07-30,248.71,265.02,241.75,263.25,260.07,232272
2025-07-31,259.45,260.35,248.195,249.66,246.64,115943
2025-08-01,249.745,251.95,244.84,246.875,243.89,77594
2025-08-04,248.485,250.13,245.57,247.07,244.09,86991
2025-08-05,246.2,258.43,244.77,254.57,251.5,113569
2025-08-06,253.97,259.315,252.61,256.75,253.65,53972
2025-08-07,257.77,257.77,253.13,256.14,253.05,34955
2025-08-08,257.79,267.42,257.37,266.75,263.53,77220
2025-08-11,267.84,270.89,265.82,266.79,263.57,53273
2025-08-12,266.215,275.61,266.1,274.99,271.67,59736
2025-08-13,275.9,283.23,275.32,281.98,278.57,73206
2025-08-14,282.91,283.35,279.715,281.725,278.32,47531
2025-08-15,287.2,290.43,284.97,286.59,283.13,40024
2025-08-18,289.25,290.825,287.375,287.96,284.48,40576
2025-08-19,287.2,291.79,285.88,288.365,284.88,45078
2025-08-20,288.0,290.11,285.53,289.955,286.45,47763
2025-08-21,289.5,296.74,289.5,294.185,290.63,82817
2025-08-22,296.88,301.4,296.88,299.55,295.93,56984
2025-08-25,299.22,299.22,296.75,297.23,293.64,25141
2025-08-26,297.2,300.68,296.53,298.83,295.22,25349
2025-08-27,297.84,300.83,296.47,297.165,293.58,28586
2025-08-28,296.62,299.74,294.89,297.64,294.05,39423
2025-08-29,300.21,304.015,300.21,303.74,300.07,35490
2025-09-02,305.275,314.08,305.275,310.07,306.32,167592
2025-09-03,308.0,314.005,306.28,312.0,308.23,73900
2025-09-04,311.54,313.52,308.29,312.01,308.24,90481
2025-09-05,310.555,314.91,306.63,307.71,303.99,79622
2025-09-08,310.005,310.98,303.0,310.32,306.57,40853
2025-09-09,312.9,313.0,271.28,272.75,269.46,181156
2025-09-10,265.21,273.59,254.09,273.465,270.16,237244
2025-09-11,275.645,282.225,271.5,278.72,275.35,81750
2025-09-12,278.47,279.29,274.95,276.43,273.09,40182
2025-09-15,274.625,275.74,271.13,275.19,271.87,47513
2025-09-16,271.14,272.28,265.14,272.28,268.99,79585
2025-09-17,272.75,272.98,267.715,269.45,266.2,77620
2025-09-18,269.85,271.78,265.17,265.21,262.01,60610
2025-09-19,262.91,263.16,250.26,252.66,249.61,189699
2025-09-22,250.575,258.45,249.12,257.96,254.84,47720
2025-09-23,258.12,262.62,256.77,258.0,254.88,78429
2025-09-24,260.24,263.335,259.27,261.97,258.81,52611
2025-09-25,261.91,261.91,252.7,254.215,251.14,108459
2025-09-26,255.7,256.32,253.29,254.56,252.36,61130
2025-09-29,253.1,255.815,252.845,255.245,253.04,56648
2025-09-30,253.67,261.48,253.67,260.29,258.04,66368
2025-10-01,260.845,261.275,244.88,246.815,244.69,103000
2025-10-02,245.22,266.0,239.795,256.74,254.52,378844
2025-10-03,255.99,286.88,255.94,283.76,281.31,312016
2025-10-06,284.41,296.08,283.58,295.45,292.9,173287
2025-10-07,296.39,297.15,291.135,295.315,292.77,66862
2025-10-08,296.82,302.245,293.43,298.39,295.81,66394
2025-10-09,299.2,299.2,290.1,290.535,288.03,48557
2025-10-10,285.07,285.63,276.84,280.06,277.64,86142
2025-10-13,279.48,279.48,270.45,270.92,268.58,116871
2025-10-14,266.115,267.32,258.29,261.59,259.33,230317
2025-10-15,258.88,262.39,257.11,262.3,260.04,102841
2025-10-16,262.68,267.12,261.63,266.79,264.49,76949
2025-10-17,267.685,278.915,267.63,275.03,272.66,108602
2025-10-20,276.5,283.84,276.35,283.705,281.26,73324
2025-10-21,282.46,295.42,282.46,295.225,292.68,126863
2025-10-22,294.465,294.92,287.64,287.64,285.16,41774
2025-10-23,284.345,292.88,284.345,291.4,288.89,43306
2025-10-24,289.77,291.67,287.93,290.915,288.4,31439
2025-10-27,291.44,294.305,291.22,292.5,289.98,50612
2025-10-28,293.775,299.04,288.585,294.985,292.44,43882
2025-10-29,292.56,296.16,292.02,292.46,289.94,59973
2025-10-30,290.54,293.005,284.18,285.77,283.3,90929
2025-10-31,285.64,286.56,277.685,278.23,275.83,133218
2025-11-03,277.55,280.675,271.57,279.86,277.44,53163
2025-11-04,277.42,284.27,276.7,282.19,279.75,69292
2025-11-05,258.3,265.635,251.42,265.03,262.74,194628
2025-11-06,264.02,264.37,250.96,251.095,248.93,151487
2025-11-07,251.03,256.23,249.04,251.94,249.77,55240
2025-11-10,248.28,248.28,237.65,238.44,236.38,74928
2025-11-11,238.93,245.3,238.93,243.55,241.45,56259
2025-11-12,243.155,246.63,240.48,240.48,238.4,62829
2025-11-13,240.695,242.65,236.05,236.745,234.7,61759
2025-11-14,234.51,237.14,230.805,237.13,235.08,76326
2025-11-17,235.75,238.47,233.39,234.3,232.28,77525
2025-11-18,232.925,238.63,231.125,234.26,232.24,66536
2025-11-19,238.42,238.42,226.81,228.93,226.95,81232
2025-11-20,231.94,233.2,222.82,223.19,221.26,78100
2025-11-21,222.385,231.57,222.2,226.97,225.01,87207
2025-11-24,229.525,229.72,222.11,229.11,227.13,48168
2025-11-25,230.275,237.98,230.275,237.85,235.8,60842
2025-11-26,237.17,246.05,237.17,245.92,243.8,127699
2025-11-28,246.025,247.24,242.985,245.655,243.54,27859
2025-12-01,246.125,246.62,241.905,242.395,240.3,65980
2025-12-02,241.98,243.88,239.24,242.11,240.02,160948
2025-12-03,243.0,258.34,241.77,256.96,254.74,166370
2025-12-04,255.28,257.16,251.155,252.91,250.73,89141
2025-12-05,259.335,262.17,256.28,257.81,255.59,126350
2025-12-08,259.965,261.47,256.34,256.6,254.39,54291
2025-12-09,256.68,258.025,249.865,250.145,247.99,43771
2025-12-10,249.5,256.77,247.945,256.17,253.96,94932
2025-12-11,256.47,271.04,256.04,265.97,263.67,220458
2025-12-12,267.25,274.4,267.25,268.42,266.1,54414
2025-12-15,269.25,274.9,265.92,274.9,272.53,130266
2025-12-16,269.155,270.295,256.08,258.115,255.89,287981
2025-12-17,257.175,265.86,256.44,260.29,258.04,44858
2025-12-18,259.08,266.6,258.02,260.73,258.48,72160
2025-12-19,260.22,262.73,258.705,259.38,257.14,31293
2025-12-22,256.02,262.78,256.02,257.9,255.67,46081
2025-12-23,256.84,258.035,255.63,257.14,254.92,23758
2025-12-24,258.37,259.035,256.8,259.035,256.8,15019
2025-12-26,257.54,259.01,254.38,258.78,257.43,19660
2025-12-29,257.9,259.74,257.165,258.51,257.16,42979
2025-12-30,258.065,261.02,258.065,259.1,257.74,33578
2025-12-31,258.99,261.49,256.17,256.17,254.83,23807
2026-01-02,257.71,265.59,256.43,264.46,263.08,48039
2026-01-05,264.41,277.58,263.92,276.02,274.58,43415
2026-01-06,277.85,284.26,277.85,280.01,278.54,61333
2026-01-07,277.135,278.71,274.285,275.13,273.69,35547
2026-01-08,275.585,282.22,275.585,277.575,276.12,33019
2026-01-09,279.155,280.79,276.75,276.8,275.35,33293
2026-01-12,274.19,276.91,272.475,276.66,275.21,28980
2026-01-13,276.18,277.71,272.87,273.93,272.5,17469
2026-01-14,274.03,278.37,273.77,274.01,272.58,34060
2026-01-15,273.275,285.43,269.775,283.935,282.45,38938
2026-01-16,282.125,282.125,271.57,273.23,271.8,43544
2026-01-20,271.36,279.48,267.94,267.98,266.58,117023
2026-01-21,269.715,271.375,265.405,270.5,269.08,54599
2026-01-22,271.99,273.09,265.57,265.98,264.59,38581
2026-01-23,266.48,269.16,264.16,265.605,264.21,51827
2026-01-26,264.16,267.71,261.66,263.55,262.17,84223
2026-01-27,219.78,220.5,206.345,207.87,206.78,493853
2026-01-28,206.19,207.72,191.4,194.01,192.99,347027
2026-01-29,195.25,197.77,193.32,196.52,195.49,139180
2026-01-30,195.09,197.37,192.48,195.3,194.28,121197
2026-02-02,189.54,192.06,186.0,187.16,186.18,155207
2026-02-03,187.205,193.39,187.205,192.95,191.94,80281
2026-02-04,191.26,196.23,190.505,192.08,191.07,80582
2026-02-05,193.09,196.09,189.97,193.61,192.6,76979
2026-02-06,190.07,196.645,190.07,193.85,192.84,75864
2026-02-09,192.975,194.925,188.715,189.55,188.56,98098
2026-02-10,189.49,191.26,180.92,181.21,180.26,178664
2026-02-11,170.99,182.7,170.31,175.42,174.5,228434
2026-02-12,172.775,181.725,170.725,179.14,178.2,286676
2026-02-13,179.555,184.36,179.555,184.07,183.11,239142
2026-02-17,184.5,187.6,183.22,184.9,183.93,224936
2026-02-18,184.96,187.94,184.31,187.165,186.19,59198
2026-02-19,185.97,192.0,183.975,190.48,189.48,102820
2026-02-20,190.845,191.205,187.77,189.885,188.89,60072
2026-02-23,188.19,189.2,180.84,181.0,180.05,44530
2026-02-24,180.885,180.885,173.31,174.605,173.69,75643
2026-02-25,177.805,178.735,175.28,175.98,175.06,73944
2026-02-26,178.75,187.42,178.75,186.85,185.87,91792
2026-02-27,185.075,191.94,185.075,190.45,189.45,80829
2026-03-02,188.83,188.99,182.13,187.26,186.28,44475
2026-03-03,184.85,184.85,176.81,181.58,180.63,64709
2026-03-04,181.32,184.63,180.7,183.07,182.11,50594
2026-03-05,181.39,183.47,177.92,180.63,179.68,52978
2026-03-06,179.99,180.5,178.2,179.13,178.19,41608
2026-03-09,177.82,179.22,173.86,178.52,177.59,56348
2026-03-10,179.12,179.69,172.03,173.41,172.5,77490
2026-03-11,173.725,173.725,169.91,170.88,169.99,59503
2026-03-12,170.62,170.62,163.6,163.69,162.83,68111
2026-03-13,165.63,169.005,165.055,165.33,164.46,54918
2026-03-16,167.79,172.99,167.79,170.095,169.2,54860
2026-03-17,171.805,172.735,169.34,170.81,169.92,45043
2026-03-18,169.73,172.38,167.57,170.46,169.57,40813
2026-03-19,171.145,173.06,165.5,166.45,165.58,64443
2026-03-20,165.5,170.4,163.26,169.88,168.99,64442
2026-03-23,172.07,173.0,166.745,170.19,169.3,46705
2026-03-24,168.95,174.745,168.135,172.125,171.22,67526
2026-03-25,174.625,175.03,169.32,174.19,173.28,66506
2026-03-26,174.17,175.09,172.675,175.02,174.1,47802
2026-03-27,173.57,174.26,167.22,169.04,169.04,83827
2026-03-30,167.985,169.51,164.53,166.04,166.04,100352
2026-03-31,167.87,174.11,167.51,173.52,173.52,52005
2026-04-01,173.15,178.75,172.45,176.97,176.97,58026
2026-04-02,175.965,179.89,175.66,177.84,177.84,27296
2026-04-06,178.965,184.53,178.965,182.87,182.87,59796
2026-04-07,200.98,203.065,190.2,197.19,197.19,215881
2026-04-08,199.425,200.545,195.73,198.46,198.46,63807
2026-04-09,198.58,200.045,195.23,197.39,197.39,45818
2026-04-10,198.015,199.44,191.89,192.18,192.18,69740
2026-04-13,191.06,198.345,190.185,198.2,198.2,56048
2026-04-14,200.23,200.99,195.75,196.39,196.39,57051
2026-04-15,196.675,198.735,193.07,198.43,198.43,58344
2026-04-16,198.99,201.71,196.4,200.76,200.76,149097
2026-04-17,201.55,205.515,200.33,205.115,205.115,78872
2026-04-20,204.29,210.55,203.92,210.35,210.35,67710
2026-04-21,218.86,223.5,217.01,217.42,217.42,144656
2026-04-22,219.01,219.42,213.9,217.41,217.41,106707
2026-04-23,218.11,219.48,213.02,214.81,214.81,45748
2026-04-24,214.735,215.38,211.8,215.14,215.14,65695
2026-04-27,214.25,224.59,214.25,223.78,223.78,56089
2026-04-28,226.445,234.17,226.445,229.835,229.835,225716
2026-04-29,215.2,244.43,213.9,244.185,244.185,186288
2026-04-30,243.685,246.61,236.38,236.68,236.68,110606
2026-05-01,237.28,237.86,231.14,233.79,233.79,96664
2026-05-04,236.0,238.38,234.35,238.13,238.13,44424
2026-05-05,238.37,242.56,238.29,239.765,239.765,69090
2026-05-06,243.49,251.66,242.69,246.42,246.42,79940
2026-05-07,245.775,247.9,239.65,247.335,247.335,55563
2026-05-08,247.5,274.855,247.5,274.77,274.77,187856
2026-05-11,274.0,284.21,272.54,274.23,274.23,184972
2026-05-12,273.565,297.265,272.875,295.45,295.45,183092
2026-05-13,298.5,308.445,293.5,304.72,304.72,176126
2026-05-14,303.68,305.51,298.295,301.4,301.4,121800
2026-05-15,300.045,309.93,295.63,305.31,305.31,105521
2026-05-18,298.84,306.51,294.56,306.03,306.03,94887
2026-05-19,304.78,313.18,302.93,310.19,310.19,116582
2026-05-20,312.695,312.89,304.06,304.18,304.18,85899
2026-05-21,302.48,306.315,300.0,303.58,303.58,48982
2026-05-22,303.98,308.98,303.54,307.975,307.975,42665
2026-05-26,303.16,304.98,301.6,301.705,301.705,35091
2026-05-27,303.035,307.675,302.17,306.15,306.15,35964
2026-05-28,309.28,309.51,305.825,308.56,308.56,29733
2026-05-29,307.67,308.14,303.64,305.6,305.6,51343
2026-06-01,320.04,332.93,320.04,328.39,328.39,128942
2026-06-02,324.72,327.22,318.765,320.34,320.34,45075
2026-06-03,325.12,330.805,324.66,327.785,327.785,80954
2026-06-04,335.16,351.64,335.16,349.86,349.86,99672
2026-06-05,349.92,351.03,342.9,350.18,350.18,104003
