date,ticker,sector,industry,predicted_63d_return,volatility_60d,ret_60d
2026-06-05,INTU,Information Technology,Application Software,0.19521625946053986,0.6643241437634305,-0.3242707835234647
2026-06-05,COIN,Financials,Financial Exchanges & Data,0.18591349525240355,0.6631882335383553,-0.232786390175156
2026-06-05,TPL,Energy,Oil & Gas Exploration & Production,0.16997385520482788,0.5474163854867307,-0.255932494606823
2026-06-05,CHTR,Communication Services,Cable & Satellite,0.16793611641375336,0.6982102267165983,-0.411589034989971
2026-06-05,TTD,Communication Services,Advertising,0.16452964626691347,0.6122158107004199,-0.26887829912023464
2026-06-05,LULU,Consumer Discretionary,"Apparel, Accessories & Luxury Goods",0.16413053689454404,0.481040541159216,-0.2993489743274782
2026-06-05,IT,Information Technology,IT Consulting & Other Services,0.16020624471058562,0.49287057406170837,0.023015031497536365
2026-06-05,FICO,Information Technology,Application Software,0.15944935371437757,0.5932985218743111,-0.022982880887377877
2026-06-05,CIEN,Information Technology,Communications Equipment,0.15777209665798808,0.8292540854728757,0.43584012234934266
2026-06-05,GDDY,Information Technology,Internet Services & Infrastructure,0.15591945886393302,0.4215043201349556,-0.02439588391721581
2026-06-05,TYL,Information Technology,Application Software,0.15572162050777394,0.3676961901177468,-0.1032443296009189
2026-06-05,BLDR,Industrials,Building Products,0.1550828229832848,0.50128421713708,-0.1919995610184373
2026-06-05,FISV,Financials,Transaction & Payment Processing Services,0.1513265216351224,0.38105305495384617,-0.06949905966831949
2026-06-05,EXE,Energy,Oil & Gas Exploration & Production,0.15091872377891546,0.26426700989463625,-0.14764727676917377
2026-06-05,CBOE,Financials,Financial Exchanges & Data,0.15008922357453466,0.4163607664368861,-0.007550897992308125
2026-06-05,AXON,Industrials,Aerospace & Defense,0.14888008569115013,0.6539484131861519,-0.06032350326595293
2026-06-05,LITE,Information Technology,Communications Equipment,0.14881041653072855,1.00731572297876,0.2846130952380952
2026-06-05,APA,Energy,Oil & Gas Exploration & Production,0.1471332993071203,0.5106937927940484,0.11664122137404576
2026-06-05,NOW,Information Technology,Systems Software,0.14636639535980678,0.774930418175402,-0.027376524522100265
2026-06-05,HII,Industrials,Aerospace & Defense,0.1460165219974169,0.3657846368358529,-0.2902381702323553
2026-06-05,SMCI,Information Technology,"Technology Hardware, Storage & Peripherals",0.14551451353136102,1.1392276512225654,0.30968858131487886
2026-06-05,FANG,Energy,Oil & Gas Exploration & Production,0.14530888547626147,0.3562347921268893,0.09653366725482382
2026-06-05,CEG,Utilities,Electric Utilities,0.1449731475884253,0.5302057799721217,-0.15114264774468655
2026-06-05,WDAY,Information Technology,Application Software,0.14428903449511116,0.6057132241152287,0.04702126115666494
2026-06-05,ROP,Information Technology,Electronic Equipment & Instruments,0.1441271980329031,0.26089882003752984,-0.05396482040188988
2026-06-05,TRMB,Information Technology,Application Software,0.1440350990043649,0.3337852422481724,-0.1987871616624759
2026-06-05,ZBRA,Information Technology,Electronic Equipment & Instruments,0.1439155251380222,0.43916076903970463,0.08499485163343623
2026-06-05,MPWR,Information Technology,Semiconductors,0.14375743845515246,0.5898003600511388,0.3819458731554044
2026-06-05,NRG,Utilities,Independent Power Producers & Energy Traders,0.14341821180304834,0.508069434664587,-0.12749003984063745
2026-06-05,FIS,Financials,Transaction & Payment Processing Services,0.14316600909977648,0.36711392827044326,-0.18345789735924267
2026-06-05,ADBE,Information Technology,Application Software,0.1428266882136128,0.4482176526979362,-0.08128402820915703
2026-06-05,SNPS,Information Technology,Application Software,0.14280007820127563,0.4598841166671725,0.07389265001501877
2026-06-05,ERIE,Financials,Insurance Brokers,0.14234362108402493,0.3589085022188985,-0.06186250932913184
2026-06-05,EQT,Energy,Oil & Gas Exploration & Production,0.14222676134368797,0.27823323117445,-0.1556411062225016
2026-06-05,ACN,Information Technology,IT Consulting & Other Services,0.1420044978421004,0.4256044394256065,-0.1088119158294596
2026-06-05,CVNA,Consumer Discretionary,Automotive Retail,0.1418800335743217,0.5654325689902134,0.07432541606075294
2026-06-05,VRT,Industrials,Electrical Components & Equipment,0.14167907510198655,0.5919971594662228,0.12031168443814777
2026-06-05,VST,Utilities,Electric Utilities,0.14125214702236036,0.4959154725788367,-0.06375881168177233
2026-06-05,TER,Information Technology,Semiconductor Materials & Equipment,0.14103389432574415,0.8366163584949424,0.18596177415614945
2026-06-05,HOOD,Financials,Investment Banking & Brokerage,0.14096206859696103,0.7433152930833191,0.047982205274865075
2026-06-05,PTC,Information Technology,Application Software,0.1405612762436027,0.31796490104701736,-0.13882079326167585
2026-06-05,ALB,Materials,Specialty Chemicals,0.14002350723183812,0.6078919094312942,-0.07103629417383006
2026-06-05,BKR,Energy,Oil & Gas Equipment & Services,0.13976458292101898,0.3900490238562125,0.06562819203268644
2026-06-05,NVR,Consumer Discretionary,Homebuilding,0.13967617550845848,0.2921626178150454,-0.06455173331398034
2026-06-05,ULTA,Consumer Discretionary,Other Specialty Retail,0.1396465564472694,0.4222305466286387,-0.2846839397280412
2026-06-05,ADSK,Information Technology,Application Software,0.13939830313203877,0.3994818534241703,-0.08709549334921585
2026-06-05,DASH,Consumer Discretionary,Specialized Consumer Services,0.1392774636620369,0.48614477784303106,-0.07475367278305511
2026-06-05,BR,Industrials,Data Processing & Outsourced Services,0.13917731826325108,0.3011702423416827,-0.1688903530445286
2026-06-05,FDS,Financials,Financial Exchanges & Data,0.1387849360804197,0.496773059782216,0.2501344809037116
2026-06-05,AZO,Consumer Discretionary,Automotive Retail,0.13777630903049373,0.32174424245433164,-0.16076445474013112
2026-06-05,LII,Industrials,Building Products,0.1375657800674229,0.423575023814283,0.002171252615372543
2026-06-05,DVN,Energy,Oil & Gas Exploration & Production,0.13755040308009445,0.3725964840986827,-0.018177787630237252
2026-06-05,PLTR,Information Technology,Application Software,0.1372062416793713,0.5686853392306925,-0.10530482977038802
2026-06-05,APP,Information Technology,Application Software,0.13717773670274291,0.6516429722250965,0.2071767535591238
2026-06-05,LDOS,Industrials,Diversified Support Services,0.13674862515779812,0.27849800681934156,-0.2803678852383156
2026-06-05,TRGP,Energy,Oil & Gas Storage & Transportation,0.13654329087929193,0.27749099243788006,0.12224346717654555
2026-06-05,EME,Industrials,Construction & Engineering,0.13631395501552238,0.36558057500438557,0.1354979077171179
2026-06-05,VRSK,Industrials,Research & Consulting Services,0.13599803389884166,0.3735679162028904,-0.10304062392023294
2026-06-05,DELL,Information Technology,"Technology Hardware, Storage & Peripherals",0.13564075669800174,0.9731850730188145,1.6850238257317902
2026-06-05,OKE,Energy,Oil & Gas Storage & Transportation,0.13532704447756044,0.3011165997770157,0.04107163932491442
2026-06-05,EFX,Industrials,Research & Consulting Services,0.13526128976751645,0.3658647508215424,-0.09805153991200499
2026-06-05,ORCL,Information Technology,Application Software,0.13507519843573987,0.6450277777302463,0.3147190942095872
2026-06-05,FIX,Industrials,Construction & Engineering,0.13503473566429855,0.5281404100705746,0.31094088792521246
2026-06-05,OXY,Energy,Oil & Gas Exploration & Production,0.13455131875317622,0.4021059643278332,0.024653590066582742
2026-06-05,PNR,Industrials,Industrial Machinery & Supplies & Components,0.13428499691499596,0.33325346133972733,-0.19261752372544694
2026-06-05,VLO,Energy,Oil & Gas Refining & Marketing,0.1340011805358545,0.3998952790396791,0.11196365691431542
2026-06-05,GNRC,Industrials,Electrical Components & Equipment,0.13383796176333235,0.5559321870016627,0.23111675843569124
2026-06-05,PYPL,Financials,Transaction & Payment Processing Services,0.13379777917106295,0.32990974859594435,-0.09094913014754447
2026-06-05,BX,Financials,Asset Management & Custody Banks,0.13372142400145487,0.40735933790553835,0.08518448795180733
2026-06-05,JKHY,Financials,Transaction & Payment Processing Services,0.13355183306332954,0.2744708681457504,-0.21782386534415377
2026-06-05,AVGO,Information Technology,Semiconductors,0.13350015818426683,0.5248612678935849,0.13177043600727667
2026-06-05,EOG,Energy,Oil & Gas Exploration & Production,0.1331447165587269,0.29253192164976005,0.04763534063260333
2026-06-05,CRM,Information Technology,Application Software,0.13297729832921684,0.5019386367383902,-0.04132231404958675
2026-06-05,GLW,Information Technology,Electronic Components,0.1327392503457124,0.7878028790299005,0.34807385457032125
2026-06-05,WMB,Energy,Oil & Gas Storage & Transportation,0.13272261748605385,0.23636602067949766,-0.025717379534379914
2026-06-05,MPC,Energy,Oil & Gas Refining & Marketing,0.1327146024297769,0.368763529432302,0.16023909674562775
2026-06-05,CDW,Information Technology,Technology Distributors,0.13222217917754325,0.6184923657158181,0.1255286753510405
2026-06-05,POOL,Consumer Discretionary,Distributors,0.13218884610043932,0.3312872119916538,-0.10750000000000004
2026-06-05,COP,Energy,Oil & Gas Exploration & Production,0.1320369410727154,0.3178552784813258,0.008395040468400117
2026-06-05,CVX,Energy,Integrated Oil & Gas,0.1318504333165038,0.2673154294834151,-0.014624651480877437
2026-06-05,PSX,Energy,Oil & Gas Refining & Marketing,0.1317887149982743,0.33862723521969396,0.08794865700023768
2026-06-05,CMG,Consumer Discretionary,Restaurants,0.13163438408520642,0.3461615819842223,-0.1339048182086905
2026-06-05,KKR,Financials,Asset Management & Custody Banks,0.13144556702699364,0.3626181951655968,0.07437018290578612
2026-06-05,ALLE,Industrials,Building Products,0.13140725863716904,0.2668244709727922,-0.11038961038961037
2026-06-05,CTSH,Information Technology,IT Consulting & Other Services,0.13116469363161828,0.38439649746008747,-0.14089735313105234
2026-06-05,HAL,Energy,Oil & Gas Equipment & Services,0.13110197404515628,0.34289786623584406,0.09505171931786416
2026-06-05,GPN,Financials,Transaction & Payment Processing Services,0.13102870818424833,0.40738538350395836,-0.08941079522043682
2026-06-05,ROL,Industrials,Environmental & Facilities Services,0.13079765489718848,0.2403904764385418,-0.15733452593917718
2026-06-05,NOC,Industrials,Aerospace & Defense,0.13053278292942413,0.2614635879197271,-0.25479268225885954
2026-06-05,TDY,Information Technology,Electronic Equipment & Instruments,0.13043473362539562,0.27148571099459345,-0.08145825226421288
2026-06-05,PWR,Industrials,Construction & Engineering,0.13038159495806548,0.47173629959065794,0.22402591686180617
2026-06-05,XOM,Energy,Integrated Oil & Gas,0.13017942937717986,0.30922807657071355,-0.003189156866653331
2026-06-05,CPRT,Industrials,Diversified Support Services,0.12984437705635102,0.2424142624758961,-0.12834224598930488
2026-06-05,AOS,Industrials,Building Products,0.12926942972169786,0.28282019417369825,-0.15658205430932715
2026-06-05,MCHP,Information Technology,Semiconductors,0.12905103340476123,0.49785541950609447,0.34866310160427805
2026-06-05,J,Industrials,Construction & Engineering,0.12883150156429596,0.3436551879994247,-0.07461898294854374
2026-06-05,AKAM,Information Technology,Internet Services & Infrastructure,0.1287114449550105,0.8356489770815624,0.4013426599690155
2026-06-05,FSLR,Information Technology,Semiconductors,0.12858426187749208,0.5482400189426809,0.39334681951000205
2026-06-05,INTC,Information Technology,Semiconductors,0.12824291061523305,0.9309401954537919,1.0635946622185153
2026-06-05,MSI,Information Technology,Communications Equipment,0.12816329216004504,0.3189566709353242,-0.11057640198564955
2026-06-05,DPZ,Consumer Discretionary,Restaurants,0.12767813950210508,0.3215795931163448,-0.19783097440089925
2026-06-05,SLB,Energy,Oil & Gas Equipment & Services,0.12744617319102128,0.3757745178246102,0.14513772954924864
2026-06-05,COHR,Information Technology,Electronic Components,0.12737055491789184,0.8581215785561205,0.49934333585386237
2026-06-05,HAS,Consumer Discretionary,Leisure Products,0.1273247725080469,0.3717324961444843,-0.10025665704202757
2026-06-05,BRO,Financials,Insurance Brokers,0.127319963661941,0.32031251411544964,-0.1367903769986798
2026-06-05,NTAP,Information Technology,"Technology Hardware, Storage & Peripherals",0.12707674160831842,0.6101446496380475,0.7210260636653962
2026-06-05,NXPI,Information Technology,Semiconductors,0.12705611411695145,0.6743614731877874,0.48816404483087905
2026-06-05,ARES,Financials,Asset Management & Custody Banks,0.12696097098326808,0.45797288933144836,0.2315531602155807
2026-06-05,QCOM,Information Technology,Semiconductors,0.12689462791669404,0.7700430565982598,0.613501983384477
2026-06-05,EXPE,Consumer Discretionary,"Hotels, Resorts & Cruise Lines",0.1268502143893478,0.40000427594230165,-0.004220878116705129
2026-06-05,IR,Industrials,Industrial Machinery & Supplies & Components,0.12683522448529036,0.37082708372475315,-0.15179619629020902
2026-06-05,XYL,Industrials,Industrial Machinery & Supplies & Components,0.12680871645618189,0.2536672318899294,-0.09756297694264382
2026-06-05,TSCO,Consumer Discretionary,Other Specialty Retail,0.12673797466738346,0.4221090976979032,-0.3932355338223309
2026-06-05,GPC,Consumer Discretionary,Distributors,0.1265035009402979,0.29324330882484057,-0.09198593374051456
2026-06-05,CRWD,Information Technology,Systems Software,0.12650106175691936,0.5610125295963914,0.5171427279100798
2026-06-05,OTIS,Industrials,Industrial Machinery & Supplies & Components,0.12632053690691983,0.245790194789874,-0.16355529131985724
2026-06-05,TDG,Industrials,Aerospace & Defense,0.12630864314526727,0.32069682742225436,-0.015245574570572296
2026-06-05,CMI,Industrials,Construction Machinery & Heavy Transportation Equipment,0.12609649877215176,0.40980901902854605,0.17442426646949571
2026-06-05,KLAC,Information Technology,Semiconductor Materials & Equipment,0.12608517250843723,0.5297952897838097,0.3189039897180672
2026-06-05,KMI,Energy,Oil & Gas Storage & Transportation,0.12583982310195374,0.21978601695445077,-0.032661782661782546
2026-06-05,BLK,Financials,Asset Management & Custody Banks,0.1257511638297049,0.2829174219461505,0.053381535274095615
2026-06-05,PAYX,Industrials,Human Resource & Employment Services,0.12522338309602624,0.30157832678639124,0.0839530121780363
2026-06-05,BA,Industrials,Aerospace & Defense,0.1250454650865922,0.3762437511153097,0.006165199318091785
2026-06-05,CME,Financials,Financial Exchanges & Data,0.12491177792290739,0.26288881062885594,-0.1512354327723474
2026-06-05,KEYS,Information Technology,Electronic Equipment & Instruments,0.1248325455760147,0.37836335679602995,0.15999437135017236
2026-06-05,LUV,Industrials,Passenger Airlines,0.12436205740807445,0.4590735635431557,-0.002880460873739721
2026-06-05,SATS,Communication Services,Wireless Telecommunication Services,0.12404698279440038,0.5821319908477042,0.03664407988587737
2026-06-05,MTD,Health Care,Life Sciences Tools & Services,0.12385593198441702,0.45641857030465577,-0.06052860782573999
2026-06-05,MU,Information Technology,Semiconductors,0.12381955446251831,0.9156566386608803,1.0673127479565987
2026-06-05,SWKS,Information Technology,Semiconductors,0.1234109507993228,0.5894048272684557,0.3394060848970668
2026-06-05,HUBB,Industrials,Industrial Machinery & Supplies & Components,0.12324901077371983,0.33709429831905796,0.0003777068994459398
2026-06-05,JBL,Information Technology,Electronic Manufacturing Services,0.1231726978907239,0.500616332584705,0.38221135029354203
2026-06-05,SWK,Industrials,Industrial Machinery & Supplies & Components,0.12293810820109223,0.406611108373772,0.06399890365903804
2026-06-05,UAL,Industrials,Passenger Airlines,0.1229279166358257,0.5527064473615481,0.16531613472245188
2026-06-05,DDOG,Information Technology,Application Software,0.12251880180614226,0.8627847097211692,0.8348951186041953
2026-06-05,XYZ,Financials,Transaction & Payment Processing Services,0.1224808515558923,0.4422957623708035,0.054712892741061614
2026-06-05,IBM,Information Technology,IT Consulting & Other Services,0.12238166406184155,0.5399537607737791,0.15335088074509007
2026-06-05,COF,Financials,Consumer Finance,0.12224211575349084,0.2855378113194818,-0.0025391918745860664
2026-06-05,WTW,Financials,Insurance Brokers,0.12200152046967021,0.3421913543516456,-0.08870828289814969
2026-06-05,APH,Information Technology,Electronic Components,0.12168613011211828,0.4732148352929903,0.033348220931963546
2026-06-05,LRCX,Information Technology,Semiconductor Materials & Equipment,0.12152527512024307,0.6040862130379977,0.3858246127130649
2026-06-05,CDNS,Information Technology,Application Software,0.12144811102145063,0.47893797066693145,0.2790658145227085
2026-06-05,HWM,Industrials,Aerospace & Defense,0.12140043509308192,0.37419482338986937,0.0009543502465405584
2026-06-05,LMT,Industrials,Aerospace & Defense,0.12107703089923785,0.2355872916399316,-0.18744668641531093
2026-06-05,LEN,Consumer Discretionary,Homebuilding,0.12100891871155327,0.3651862200462883,-0.057175588419079326
2026-06-05,ADP,Industrials,Human Resource & Employment Services,0.12099574412374775,0.3201447386607262,0.09781785477610527
2026-06-05,NKE,Consumer Discretionary,"Apparel, Accessories & Luxury Goods",0.12058087051363835,0.4265716312779707,-0.22137681159420297
2026-06-05,ANET,Information Technology,Communications Equipment,0.12023187736304532,0.6181595049529687,0.11559606481481466
2026-06-05,TXN,Information Technology,Semiconductors,0.12006801827513942,0.5492258316062688,0.4420828905419767
2026-06-05,RCL,Consumer Discretionary,"Hotels, Resorts & Cruise Lines",0.11998564793746205,0.5018225752508524,-0.01747491052003658
2026-06-05,ICE,Financials,Financial Exchanges & Data,0.11986282613864399,0.2223769935319005,-0.09598057383858405
2026-06-05,LHX,Industrials,Aerospace & Defense,0.11965448281073068,0.23573103757354763,-0.1520553229005951
2026-06-05,UBER,Industrials,Passenger Ground Transportation,0.11954488839805322,0.356838996307391,-0.05662642566531051
2026-06-05,ADI,Information Technology,Semiconductors,0.11942290244003916,0.4173939056469594,0.2613900584427826
2026-06-05,NDSN,Industrials,Industrial Machinery & Supplies & Components,0.11908954395152624,0.23498058375387104,0.03590927411967293
2026-06-05,LOW,Consumer Discretionary,Home Improvement Retail,0.1190444476130938,0.3060077548431925,-0.1423862619028241
2026-06-05,EMR,Industrials,Electrical Components & Equipment,0.11895564303736116,0.3643387063883803,-0.006867045372833669
2026-06-05,ETN,Industrials,Electrical Components & Equipment,0.11873375032958879,0.39842944812338316,0.11480834764975922
2026-06-05,PODD,Health Care,Health Care Equipment,0.11863111314098113,0.5236917668758786,-0.3580727531499853
2026-06-05,HON,Industrials,Industrial Conglomerates,0.11838328585011694,0.2678113608900317,-0.10122647849462374
2026-06-05,TMUS,Communication Services,Wireless Telecommunication Services,0.11820574801945745,0.27951516171348767,-0.16153193894855844
2026-06-05,LVS,Consumer Discretionary,Casinos & Gaming,0.11817107779180319,0.32625683786686915,-0.07707146794047404
2026-06-05,AJG,Financials,Insurance Brokers,0.11808385353803147,0.2918715668565233,0.03346720214190091
2026-06-05,SPGI,Financials,Financial Exchanges & Data,0.11766200941871499,0.25787678188133784,-0.007978412728079753
2026-06-05,TEL,Information Technology,Electronic Manufacturing Services,0.11742921410707362,0.4070795565617623,0.03926074414511316
2026-06-05,TXT,Industrials,Aerospace & Defense,0.11732573054090624,0.2836726132680636,-0.02299281809411524
2026-06-05,MAS,Industrials,Building Products,0.11724368525954171,0.3920165570811503,0.11609583534330281
2026-06-05,WDC,Information Technology,"Technology Hardware, Storage & Peripherals",0.11721063532672689,0.6943589245087065,0.9031669829928175
2026-06-05,PH,Industrials,Industrial Machinery & Supplies & Components,0.11717795939456406,0.30477931787989865,-0.058703049827720455
2026-06-05,CPAY,Financials,Transaction & Payment Processing Services,0.11708631356308331,0.4024696018880153,0.05143721633888054
2026-06-05,NEM,Materials,Gold,0.11692376608648834,0.5230473846460835,-0.13976360969717883
2026-06-05,AMAT,Information Technology,Semiconductor Materials & Equipment,0.11685585481572562,0.5394109091771038,0.29227039361095253
2026-06-05,EG,Financials,Reinsurance,0.11682545229408205,0.22746761589907089,0.04755941012555187
2026-06-05,MSFT,Information Technology,Systems Software,0.11674592799759086,0.3168450683397301,0.03142793484180828
2026-06-05,ATO,Utilities,Gas Utilities,0.11662004915336972,0.17739431700886105,-0.07015438328514545
2026-06-05,ROK,Industrials,Electrical Components & Equipment,0.1164069178100238,0.3473238696116047,0.2007849673378317
2026-06-05,UHS,Health Care,Health Care Facilities,0.11634277167509961,0.32257217544847183,-0.2200763892624671
2026-06-05,TSLA,Consumer Discretionary,Automobile Manufacturers,0.11622399285808192,0.4345915442462542,-0.041719792075323614
2026-06-05,DE,Industrials,Agricultural & Farm Machinery,0.11613464773555099,0.33611493649898716,-0.013741643595111097
2026-06-05,WYNN,Consumer Discretionary,Casinos & Gaming,0.11591246628451082,0.3152725223562704,0.04856024882110965
2026-06-05,MRSH,Financials,Insurance Brokers,0.11589183602745398,0.2770895021066119,-0.04434365611278024
2026-06-05,BSX,Health Care,Health Care Equipment,0.11583199384198264,0.47952079810018144,-0.3024992818155703
2026-06-05,AMP,Financials,Asset Management & Custody Banks,0.11577549048133806,0.23686562517986742,0.01292392709122514
2026-06-05,TT,Industrials,Building Products,0.11571018148232921,0.30740995778352986,0.05838333758079828
2026-06-05,DOV,Industrials,Industrial Machinery & Supplies & Components,0.11553980437199282,0.26936505315281156,0.025028604118993103
2026-06-05,GEN,Information Technology,Systems Software,0.1155147161922961,0.47125557299038345,0.24431818181818188
2026-06-05,EL,Consumer Staples,Personal Care Products,0.11550964159958506,0.5548925241661182,-0.08461285369598603
2026-06-05,CTAS,Industrials,Diversified Support Services,0.11541609788167984,0.24527320335014463,-0.09105608893380501
2026-06-05,SNA,Industrials,Industrial Machinery & Supplies & Components,0.11523016775650045,0.23887022469089067,0.03378893487257684
2026-06-05,MCO,Financials,Financial Exchanges & Data,0.11510487011190523,0.2533308044544455,0.01472869960198775
2026-06-05,AME,Industrials,Electrical Components & Equipment,0.11496676098559612,0.2615048713869503,0.01170112991827077
2026-06-05,WAB,Industrials,Construction Machinery & Heavy Transportation Equipment,0.1149410100587831,0.2973425364598067,0.06000162826670996
2026-06-05,AWK,Utilities,Water Utilities,0.11490790791292067,0.20933366852285365,-0.06667916041979016
2026-06-05,TTWO,Communication Services,Interactive Home Entertainment,0.11490480355662895,0.31932957880345947,0.016278463616330674
2026-06-05,DHI,Consumer Discretionary,Homebuilding,0.11458675956932121,0.354428599062988,0.023586895388076456
2026-06-05,SYF,Financials,Consumer Finance,0.1144925973463188,0.26805986414217575,0.09036330049261099
2026-06-05,RL,Consumer Discretionary,"Apparel, Accessories & Luxury Goods",0.11443747730425358,0.46345661361472873,0.08378698224852066
2026-06-05,BKNG,Consumer Discretionary,"Hotels, Resorts & Cruise Lines",0.11419861386560663,0.35537192020507247,-0.037926235212247694
2026-06-05,GD,Industrials,Aerospace & Defense,0.11414235166451857,0.24919454692907733,-0.017343665729938396
2026-06-05,AXP,Financials,Consumer Finance,0.11397371221711032,0.23808231955160697,0.01809598741148699
2026-06-05,DG,Consumer Staples,Consumer Staples Merchandise Retail,0.11386867276869189,0.3916764632804545,-0.28076202373516546
2026-06-05,CARR,Industrials,Building Products,0.1138603377228714,0.4592901516185995,0.14732524354811138
2026-06-05,VRSN,Information Technology,Internet Services & Infrastructure,0.11378787727970616,0.3051356476551167,0.25470172751255205
2026-06-05,URI,Industrials,Trading Companies & Distributors,0.11375468949178351,0.5608974882288033,0.37103921291598696
2026-06-05,GRMN,Consumer Discretionary,Consumer Electronics,0.11373612211292085,0.2931805860412227,0.006763367221064298
2026-06-05,META,Communication Services,Interactive Media & Services,0.11371674180314004,0.43497676313323685,-0.09373710197655039
2026-06-05,PANW,Information Technology,Systems Software,0.11359069648332376,0.5252544330732769,0.6506550218340614
2026-06-05,ITW,Industrials,Industrial Machinery & Supplies & Components,0.1134638876921671,0.2166129738747372,-0.06312784964970153
2026-06-05,HPQ,Information Technology,"Technology Hardware, Storage & Peripherals",0.11334712562723179,0.5797333090328466,0.38644986449864493
2026-06-05,BBY,Consumer Discretionary,Computer & Electronics Retail,0.11308161618158895,0.46463860458908934,0.14911575562700952
2026-06-05,CSGP,Real Estate,Real Estate Services,0.11299244208738814,0.3710170905785821,-0.25303063698479167
2026-06-05,ZTS,Health Care,Pharmaceuticals,0.11288444153553603,0.5442932754701231,-0.33419949706621954
2026-06-05,NDAQ,Financials,Financial Exchanges & Data,0.11257659974070995,0.2589436060013619,0.023993898861903062
2026-06-05,DECK,Consumer Discretionary,Footwear,0.11236298051748649,0.41409478231842006,0.05246252676659524
2026-06-05,CAT,Industrials,Construction Machinery & Heavy Transportation Equipment,0.11229329575082397,0.4136905568748172,0.27978651112747044
2026-06-05,NSC,Industrials,Rail Transportation,0.11220462976591457,0.25984207212030236,0.05815837440086424
2026-06-05,NCLH,Consumer Discretionary,"Hotels, Resorts & Cruise Lines",0.11201164091785215,0.581992077052364,-0.08408702028843795
2026-06-05,APO,Financials,Asset Management & Custody Banks,0.11160282361474878,0.3626870180705721,0.21217572429464115
2026-06-05,HD,Consumer Discretionary,Home Improvement Retail,0.11130251377988527,0.2792391032404051,-0.10177771354241938
2026-06-05,CHRW,Industrials,Air Freight & Logistics,0.11119920832172395,0.3920762098067313,0.05027964844195876
2026-06-05,FFIV,Information Technology,Communications Equipment,0.11094584519554285,0.35609775635935065,0.35890524569769866
2026-06-05,RJF,Financials,Investment Banking & Brokerage,0.11082283086568086,0.2517243228271847,0.025047386948280348
2026-06-05,IEX,Industrials,Industrial Machinery & Supplies & Components,0.11041856062750605,0.2536379418099569,0.11212324525185813
2026-06-05,PHM,Consumer Discretionary,Homebuilding,0.11036689362109803,0.3339132417169738,-0.0383740761796475
2026-06-05,VEEV,Health Care,Health Care Technology,0.11028304321448655,0.4689145996535648,-0.0771821048693142
2026-06-05,CMS,Utilities,Multi-Utilities,0.11005764147199458,0.20074148139364095,-0.04278501195854367
2026-06-05,RTX,Industrials,Aerospace & Defense,0.1100252294237517,0.25599983355144074,-0.1229651162790697
2026-06-05,NEE,Utilities,Multi-Utilities,0.10987850383391957,0.27738488672794076,-0.0566608045724335
2026-06-05,HPE,Information Technology,"Technology Hardware, Storage & Peripherals",0.10953167430325823,0.7137893677560806,1.3099154135338344
2026-06-05,RSG,Industrials,Environmental & Facilities Services,0.10941676408220809,0.21015249943835154,-0.05704547493048706
2026-06-05,ACGL,Financials,Property & Casualty Insurance,0.10926485696363984,0.21676652203504337,-0.038031437915391986
2026-06-05,AEE,Utilities,Multi-Utilities,0.10915250597074512,0.1939906334219743,-0.0018294914013903263
2026-06-05,NFLX,Communication Services,Movies & Entertainment,0.109072137949698,0.3166262813810107,-0.13364249578414833
2026-06-05,GWW,Industrials,Industrial Machinery & Supplies & Components,0.10892999818019675,0.2340206435906975,0.17384082045356064
2026-06-05,WM,Industrials,Environmental & Facilities Services,0.10881248214913643,0.1922322435703873,-0.06073789720622724
2026-06-05,ON,Information Technology,Semiconductors,0.1087593747798764,0.6771059614850606,0.9794058068872384
2026-06-05,PCAR,Industrials,Construction Machinery & Heavy Transportation Equipment,0.10874134588882711,0.28573589988274,-0.0090885925422578
2026-06-05,MA,Financials,Transaction & Payment Processing Services,0.10868682228247654,0.24566372784384735,-0.024238089561727683
2026-06-05,ETR,Utilities,Electric Utilities,0.10868392402211662,0.2689671954806609,0.07253534766608549
2026-06-05,MSCI,Financials,Financial Exchanges & Data,0.10865115366300666,0.2640751525463675,0.12942774290643455
2026-06-05,APTV,Consumer Discretionary,Automotive Parts & Equipment,0.10835247860879714,0.5110314575768914,0.1513345643780426
2026-06-05,PGR,Financials,Property & Casualty Insurance,0.10814371634427068,0.23429563561639713,0.014368816188534916
2026-06-05,DTE,Utilities,Multi-Utilities,0.10813182962773212,0.2019813103127322,0.0026828093829538435
2026-06-05,PEG,Utilities,Electric Utilities,0.10797992275410116,0.21151667334272609,-0.034746689345158566
2026-06-05,FDX,Industrials,Air Freight & Logistics,0.10796150116271096,0.34435134478596263,0.13892901361947985
2026-06-05,ED,Utilities,Multi-Utilities,0.10781883706359056,0.17597734443819754,-0.04189969330687349
2026-06-05,TPR,Consumer Discretionary,"Apparel, Accessories & Luxury Goods",0.10777501702828984,0.42710485658461084,-0.0338918769824853
2026-06-05,MMM,Industrials,Industrial Conglomerates,0.1076428493664945,0.2624252955501476,-0.00391890141209994
2026-06-05,GE,Industrials,Aerospace & Defense,0.1076292075023356,0.4265174675172435,0.00928902080802163
2026-06-05,DLTR,Consumer Staples,Consumer Staples Merchandise Retail,0.10761574276351676,0.5503540180993287,-0.03886925795053009
2026-06-05,CF,Materials,Fertilizers & Agricultural Chemicals,0.10734191226511944,0.5964571017936505,-0.051295986622073464
2026-06-05,EXPD,Industrials,Air Freight & Logistics,0.10728401735867407,0.2883534945014386,0.14489650249821562
2026-06-05,CRL,Health Care,Life Sciences Tools & Services,0.10722765017666738,0.5548070399183549,0.07333964721202801
2026-06-05,MOS,Materials,Fertilizers & Agricultural Chemicals,0.10720159158812759,0.4887756699663598,-0.22850208044382803
2026-06-05,SRE,Utilities,Multi-Utilities,0.10704959642225075,0.2087594717904606,-0.007814195789016654
2026-06-05,STX,Information Technology,"Technology Hardware, Storage & Peripherals",0.10701820583631465,0.6525839311232889,1.1989205459546421
2026-06-05,CCL,Consumer Discretionary,"Hotels, Resorts & Cruise Lines",0.10692500660199664,0.5742922749790141,0.060418280402788405
2026-06-05,WEC,Utilities,Electric Utilities,0.1069058085405921,0.18412368277834149,0.0049399198931909805
2026-06-05,ARE,Real Estate,Office REITs,0.10675821206928286,0.5099731438844226,0.037472149078387806
2026-06-05,CASY,Consumer Staples,Food Retail,0.10673177153668051,0.29773499397639824,0.11318466124978088
2026-06-05,CINF,Financials,Property & Casualty Insurance,0.10657426515373973,0.19360183361078526,0.01333864835030063
2026-06-05,FOX,Communication Services,Broadcasting,0.1064897560009914,0.28555242936175784,0.13479208108364116
2026-06-05,DRI,Consumer Discretionary,Restaurants,0.10634818739530291,0.27081864085988205,-0.019334554636827206
2026-06-05,DAL,Industrials,Passenger Airlines,0.10618879900682901,0.41544734819850404,0.3466757123473543
2026-06-05,DUK,Utilities,Electric Utilities,0.1060773203154509,0.17009127039916064,-0.03645106250969443
2026-06-05,IBKR,Financials,Investment Banking & Brokerage,0.10586265626242303,0.39312359933566615,0.2343475716793446
2026-06-05,AMD,Information Technology,Semiconductors,0.1058067617837382,0.7713182301421697,1.278192918192918
2026-06-05,JBHT,Industrials,Cargo Ground Transportation,0.10577010412187478,0.33421991662990697,0.35670397713741364
2026-06-05,ES,Utilities,Electric Utilities,0.1056501473068626,0.23841248196860695,-0.03460065645514221
2026-06-05,AIG,Financials,Multi-line Insurance,0.10563202303416913,0.22914957617172108,-0.026828324519540758
2026-06-05,L,Financials,Multi-line Insurance,0.10551273635400467,0.20601569075771065,-0.009893244984354843
2026-06-05,JCI,Industrials,Building Products,0.10547778352048771,0.32918296613359666,0.06578068156507544
2026-06-05,PNW,Utilities,Multi-Utilities,0.10536714540396251,0.18144563503827404,0.03358732705033085
2026-06-05,HIG,Financials,Property & Casualty Insurance,0.1053596290781208,0.20934377920879535,-0.016491698309880176
2026-06-05,GS,Financials,Investment Banking & Brokerage,0.10532536834104873,0.3213142550656852,0.2664825113420166
2026-06-05,TKO,Communication Services,Movies & Entertainment,0.10525484224352391,0.32373514621187865,0.01152852315643016
2026-06-05,LYV,Communication Services,Movies & Entertainment,0.10524529780673621,0.340888898116098,-0.03491316931982624
2026-06-05,HCA,Health Care,Health Care Facilities,0.10518481574780912,0.29055020642205204,-0.3063244422076833
2026-06-05,DIS,Communication Services,Movies & Entertainment,0.1051402179466876,0.2672538174893159,-0.011153522034402452
2026-06-05,SBUX,Consumer Discretionary,Restaurants,0.10467318381403724,0.3242114846270353,-0.055180961824491837
2026-06-05,MTB,Financials,Regional Banks,0.10456124895798855,0.21677755093485307,0.10263144853560635
2026-06-05,AON,Financials,Insurance Brokers,0.10453799672366546,0.25943073404311073,0.03866818368572411
2026-06-05,LYB,Materials,Specialty Chemicals,0.10438996745505665,0.5253348675284096,-0.032988454041085635
2026-06-05,EVRG,Utilities,Electric Utilities,0.10428240749623664,0.18384014836550183,0.03609209707529559
2026-06-05,GL,Financials,Life & Health Insurance,0.1042445978860318,0.20945578135665338,0.13094899843727803
2026-06-05,AEP,Utilities,Electric Utilities,0.10416716852094408,0.2127071228127532,-0.008940219476632594
2026-06-05,ORLY,Consumer Discretionary,Automotive Retail,0.10410647101599337,0.2874333894317857,-0.042653526201451686
2026-06-05,IP,Materials,Paper & Plastic Packaging Products & Materials,0.10406208579116445,0.4829248207892574,-0.11712184873949583
2026-06-05,XEL,Utilities,Multi-Utilities,0.10393871706296819,0.23836871018786887,-0.01728640716328811
2026-06-05,PRU,Financials,Life & Health Insurance,0.10381932092578675,0.23609276455377656,0.11769731923528792
2026-06-05,EIX,Utilities,Electric Utilities,0.103780033849846,0.23039471335675626,0.037645060854797574
2026-06-05,ABNB,Consumer Discretionary,"Hotels, Resorts & Cruise Lines",0.10375025109915505,0.3130671685233552,0.00074951281666924
2026-06-05,NVDA,Information Technology,Semiconductors,0.10368389005746814,0.4008624412896582,0.10431131923139025
2026-06-05,CMCSA,Communication Services,Cable & Satellite,0.10366929287299721,0.39107479656254723,-0.2118503806686528
2026-06-05,WRB,Financials,Property & Casualty Insurance,0.10361361180277731,0.22027141737839337,0.01038903625110521
2026-06-05,AVY,Materials,Paper & Plastic Packaging Products & Materials,0.10358168255988552,0.2523296711785842,-0.10547257943601862
2026-06-05,ISRG,Health Care,Health Care Equipment,0.10354689699156479,0.3379378428274605,-0.1434688203900243
2026-06-05,FTNT,Information Technology,Systems Software,0.1033933314951689,0.5674004962613471,0.7334690943938669
2026-06-05,LNT,Utilities,Electric Utilities,0.10333664503518518,0.1897270682547243,0.03642572566875368
2026-06-05,MLM,Materials,Construction Materials,0.10329367087870688,0.2727985956224408,-0.03449605256541355
2026-06-05,YUM,Consumer Discretionary,Restaurants,0.1032234395855341,0.21101230080960395,-0.03166912661233401
2026-06-05,TSN,Consumer Staples,Packaged Foods & Meats,0.10320305935740245,0.31056102945370906,-0.009441915359973074
2026-06-05,UNP,Industrials,Rail Transportation,0.10319147124281433,0.27291174406817253,0.09033588214099852
2026-06-05,IVZ,Financials,Asset Management & Custody Banks,0.1028864841249656,0.3553599813353253,0.15109427609427617
2026-06-05,WSM,Consumer Discretionary,Homefurnishing Retail,0.10286579391446618,0.3444928120913404,0.10764245206589251
2026-06-05,AIZ,Financials,Multi-line Insurance,0.1025056221930374,0.21945905726241974,0.1890351283714895
2026-06-05,ALGN,Health Care,Health Care Supplies,0.10235549858292725,0.42581795345268125,-0.040510385077530575
2026-06-05,MKC,Consumer Staples,Packaged Foods & Meats,0.10222032333336459,0.3198296648176618,-0.20454545454545447
2026-06-05,PPL,Utilities,Electric Utilities,0.10220806893260014,0.18429868600344976,-0.0511152416356877
2026-06-05,FE,Utilities,Electric Utilities,0.10218417336078271,0.18111620797346753,-0.07400758029124277
2026-06-05,IFF,Materials,Specialty Chemicals,0.10217717344919565,0.48926937323168335,0.06863749451192747
2026-06-05,MCD,Consumer Discretionary,Restaurants,0.10211240744868155,0.18638384039300698,-0.13344066379764086
2026-06-05,SO,Utilities,Electric Utilities,0.1020942234272009,0.18914230601088103,-0.02964281973394778
2026-06-05,CAG,Consumer Staples,Packaged Foods & Meats,0.10208904122776723,0.29831389780991086,-0.2155797101449275
2026-06-05,IDXX,Health Care,Health Care Equipment,0.1019487089896708,0.2978351807132373,-0.06442570040593598
2026-06-05,NI,Utilities,Multi-Utilities,0.10192037540898922,0.18748964635096566,0.014036996735582008
2026-06-05,UPS,Industrials,Air Freight & Logistics,0.1017988600121814,0.3242607134967993,0.09470499243570352
2026-06-05,PNC,Financials,Diversified Banks,0.10175085808626075,0.21447658280586243,0.11911180824469403
2026-06-05,ODFL,Industrials,Cargo Ground Transportation,0.10165445003254672,0.3750745757110839,0.2877879206029086
2026-06-05,TRV,Financials,Property & Casualty Insurance,0.10164172905481468,0.18669417612507697,0.012995690375171343
2026-06-05,REGN,Health Care,Biotechnology,0.1016374173485837,0.33600860734517196,-0.1786356056002999
2026-06-05,TAP,Consumer Staples,Brewers,0.10157076161681998,0.26398239090982334,-0.12170978627671547
2026-06-05,TECH,Health Care,Life Sciences Tools & Services,0.10139850923379656,0.594377626064669,-0.029323870003735486
2026-06-05,SCHW,Financials,Investment Banking & Brokerage,0.10138698382281675,0.28860188864133035,-0.03818654533636667
2026-06-05,RMD,Health Care,Health Care Equipment,0.10127182849274688,0.27426809084955217,-0.18108706550802145
2026-06-05,CRH,Materials,Construction Materials,0.10094821634913843,0.36120628233069363,0.012632594021215082
2026-06-05,OMC,Communication Services,Advertising,0.10094494586642452,0.2500696570624259,-0.05928285857071469
2026-06-05,BALL,Materials,"Metal, Glass & Plastic Containers",0.10094229061630536,0.28836629963494187,-0.13648229727524885
2026-06-05,CB,Financials,Property & Casualty Insurance,0.10093505611450852,0.17960678861080992,0.014218230413028055
2026-06-05,ROST,Consumer Discretionary,Apparel Retail,0.10093375603462272,0.30590162835473245,0.08418079096045195
2026-06-05,F,Consumer Discretionary,Automobile Manufacturers,0.10060542055258874,0.5279479069555891,0.24874371859296485
2026-06-05,T,Communication Services,Integrated Telecommunication Services,0.10031638381821521,0.24277910398036834,-0.15264333581533873
2026-06-05,V,Financials,Transaction & Payment Processing Services,0.10006711279100676,0.25075517611365133,0.049719456426556174
2026-06-05,EXC,Utilities,Electric Utilities,0.10001856340270028,0.20601476541331606,-0.05436130632492775
2026-06-05,GOOG,Communication Services,Interactive Media & Services,0.10001711089995655,0.3558642807766273,0.18734587929915647
2026-06-05,NTRS,Financials,Asset Management & Custody Banks,0.09988432919833497,0.26561768380439454,0.21504456327985744
2026-06-05,AMCR,Materials,Paper & Plastic Packaging Products & Materials,0.09987101507388388,0.39755523675659915,-0.08755980861244017
2026-06-05,EBAY,Consumer Discretionary,Broadline Retail,0.09956455289360334,0.3334857312811604,0.19544062978351184
2026-06-05,AMZN,Consumer Discretionary,Broadline Retail,0.0993940373249757,0.30429190193175104,0.1576447349856558
2026-06-05,PFG,Financials,Life & Health Insurance,0.09937268501756509,0.19956016002412094,0.20223948811700176
2026-06-05,FOXA,Communication Services,Broadcasting,0.09924003003814011,0.28564744581822665,0.15944540727902945
2026-06-05,FTV,Industrials,Industrial Machinery & Supplies & Components,0.0992347033375117,0.2340399162013701,0.08883158456340046
2026-06-05,CSCO,Information Technology,Communications Equipment,0.09915972635018766,0.41902026742309184,0.5664434715426219
2026-06-05,MRNA,Health Care,Biotechnology,0.09901540386939768,0.5605014228545643,-0.1532416502946956
2026-06-05,NWS,Communication Services,Publishing,0.09837608226298077,0.22391510197174502,0.137490882567469
2026-06-05,MGM,Consumer Discretionary,Casinos & Gaming,0.09814943629470388,0.4856578892635778,0.30945163957012967
2026-06-05,HSY,Consumer Staples,Packaged Foods & Meats,0.09813286730346699,0.26647185974165205,-0.14687789084181313
2026-06-05,STZ,Consumer Staples,Distillers & Vintners,0.0980207255444666,0.31606407320407437,-0.053645763394655654
2026-06-05,D,Utilities,Multi-Utilities,0.09782487798936378,0.2809727543732115,0.0866212047410293
2026-06-05,CBRE,Real Estate,Real Estate Services,0.09773526244794291,0.28864786774721957,-0.01124782969728999
2026-06-05,TFC,Financials,Diversified Banks,0.09773439472748165,0.24342362702445058,0.08921850785919871
2026-06-05,SW,Materials,Paper & Plastic Packaging Products & Materials,0.09764155520289423,0.45668608746547396,-0.012670332297394227
2026-06-05,FAST,Industrials,Trading Companies & Distributors,0.09762721959962774,0.28648251561465965,0.009708737864077666
2026-06-05,GIS,Consumer Staples,Packaged Foods & Meats,0.09758390306547149,0.2250406165383851,-0.17067067067067065
2026-06-05,CLX,Consumer Staples,Household Products,0.09747748218032888,0.38679366773394064,-0.15064970221981588
2026-06-05,IQV,Health Care,Life Sciences Tools & Services,0.09745133565403033,0.4303157098694068,0.06925094724570102
2026-06-05,CFG,Financials,Regional Banks,0.09744787779449204,0.25181623398534997,0.10087794801170591
2026-06-05,BEN,Financials,Asset Management & Custody Banks,0.09743647057467292,0.3486941967097455,0.2723395613322501
2026-06-05,CNP,Utilities,Multi-Utilities,0.09731109212406987,0.18999847349456908,-0.0002341372044016854
2026-06-05,ALL,Financials,Property & Casualty Insurance,0.09725236430692491,0.22389942832390822,0.08243990796494827
2026-06-05,SBAC,Real Estate,Telecom Tower REITs,0.09700788249325197,0.5169924744769653,0.11780667347267726
2026-06-05,BF.B,Consumer Staples,Distillers & Vintners,0.09698188714168883,0.5080387174975952,0.080545229244114
2026-06-05,TROW,Financials,Asset Management & Custody Banks,0.09686751099670347,0.19053644474887665,0.20391822827938677
2026-06-05,SHW,Materials,Specialty Chemicals,0.09643003364346969,0.29676272773395496,-0.05206521739130432
2026-06-05,GOOGL,Communication Services,Interactive Media & Services,0.09622372354722047,0.363758751591593,0.19544850390637647
2026-06-05,PCG,Utilities,Multi-Utilities,0.0961460299242917,0.26096611077048343,-0.05524861878453036
2026-06-05,RVTY,Health Care,Health Care Equipment,0.09592734418766016,0.4325900261954575,0.09927414852037963
2026-06-05,GM,Consumer Discretionary,Automobile Manufacturers,0.09591485436472459,0.33899159598333173,0.10025465755260687
2026-06-05,DOW,Materials,Commodity Chemicals,0.09569548564462439,0.49932539979074747,-0.001468860164512309
2026-06-05,JPM,Financials,Diversified Banks,0.09561696943795302,0.22156303068091507,0.09235234465153686
2026-06-05,TMO,Health Care,Life Sciences Tools & Services,0.095301694651304,0.3589684126894321,-0.0459453459271818
2026-06-05,USB,Financials,Diversified Banks,0.09482606079032786,0.2261245796751341,0.07759287925696601
2026-06-05,STT,Financials,Asset Management & Custody Banks,0.09479844462701115,0.24012563238241655,0.2923955587506988
2026-06-05,AES,Utilities,Independent Power Producers & Energy Traders,0.09474404947993591,0.04788372199259431,0.04483985765124543
2026-06-05,VMC,Materials,Construction Materials,0.094726945265471,0.26228328936376477,0.05749502085603697
2026-06-05,PKG,Materials,Paper & Plastic Packaging Products & Materials,0.09464979839676557,0.3163117648970282,0.006958879349299618
2026-06-05,BRK.B,Financials,Multi-Sector Holdings,0.09435381975805704,0.12412545852174475,-0.010731440384264657
2026-06-05,HBAN,Financials,Regional Banks,0.09409329466745905,0.2544594681129957,0.0672268907563025
2026-06-05,HLT,Consumer Discretionary,"Hotels, Resorts & Cruise Lines",0.09341443853818199,0.27596124031503527,0.1566650933854763
2026-06-05,WFC,Financials,Diversified Banks,0.09341266601001702,0.28130961208473176,0.07221350078492939
2026-06-05,KMB,Consumer Staples,Household Products,0.0930920160782606,0.26317768559035304,0.0035468179975677305
2026-06-05,AFL,Financials,Life & Health Insurance,0.09303698960939058,0.16638601438773984,0.08678065820922964
2026-06-05,STE,Health Care,Health Care Equipment,0.09262357068853397,0.24787774240232227,-0.04264266980193532
2026-06-05,DVA,Health Care,Health Care Services,0.09251592133875783,0.5500526269668249,0.23855872115508592
2026-06-05,KEY,Financials,Regional Banks,0.09218012258670755,0.2259682592798259,0.1204323211528564
2026-06-05,MAR,Consumer Discretionary,"Hotels, Resorts & Cruise Lines",0.0921413802745555,0.27753896076072365,0.20502901353965197
2026-06-05,MET,Financials,Life & Health Insurance,0.09210259694301894,0.2252486018488106,0.21680587557603692
2026-06-05,BAX,Health Care,Health Care Equipment,0.09198883193334598,0.3985052149440749,0.07432057681641702
2026-06-05,WAT,Health Care,Life Sciences Tools & Services,0.09180139712932517,0.46877134694694916,0.22832263053491575
2026-06-05,NWSA,Communication Services,Publishing,0.09154602774786783,0.22332541160266886,0.12525794469665708
2026-06-05,FITB,Financials,Regional Banks,0.091525506683974,0.27056355868931214,0.1648376259798432
2026-06-05,C,Financials,Diversified Banks,0.09134531968360413,0.2998871000096546,0.21950658197551332
2026-06-05,FCX,Materials,Copper,0.09130908926885777,0.5897187823696989,0.03225280990389301
2026-06-05,COST,Consumer Staples,Consumer Staples Merchandise Retail,0.09122339159505218,0.2097801619047247,-0.01882925450286732
2026-06-05,ECL,Materials,Specialty Chemicals,0.09119164993929532,0.24500033669690363,-0.0658147196177099
2026-06-05,RF,Financials,Regional Banks,0.09107102001795517,0.23870133793268924,0.10019267822736033
2026-06-05,MS,Financials,Investment Banking & Brokerage,0.09104291704622204,0.2828515240385165,0.32495938007749037
2026-06-05,DD,Materials,Specialty Chemicals,0.0909447791062484,0.3591232667993044,0.02248417376118761
2026-06-05,PPG,Materials,Specialty Chemicals,0.09069592565112174,0.3715237193845629,0.10271786439694375
2026-06-05,BNY,Financials,Asset Management & Custody Banks,0.09028947619552265,0.1863147853418066,0.22013710368466133
2026-06-05,CPB,Consumer Staples,Packaged Foods & Meats,0.09010405644999094,0.26892549928798587,-0.0383762200532386
2026-06-05,A,Health Care,Life Sciences Tools & Services,0.0900034055711399,0.44732792414431455,0.17633521493703874
2026-06-05,TJX,Consumer Discretionary,Apparel Retail,0.08978814852632869,0.23263773129662638,0.021356384669166673
2026-06-05,HRL,Consumer Staples,Packaged Foods & Meats,0.08941499548907277,0.33822511477084094,0.04096916299559461
2026-06-05,PEP,Consumer Staples,Soft Drinks & Non-alcoholic Beverages,0.08927115891142759,0.20012441386679286,-0.10455061853067404
2026-06-05,COR,Health Care,Health Care Distributors,0.08909743030251874,0.42897683383517915,-0.2128834706959707
2026-06-05,VZ,Communication Services,Integrated Telecommunication Services,0.08900522436736041,0.20777601302012236,-0.09039887753056719
2026-06-05,APD,Materials,Industrial Gases,0.08870263312382623,0.19988041896625605,0.023338406900050623
2026-06-05,KR,Consumer Staples,Food Retail,0.08783239778584678,0.2756463853754552,-0.11457027441147805
2026-06-05,CSX,Industrials,Rail Transportation,0.0874302470208408,0.25461220749979446,0.1685728493286922
2026-06-05,AAPL,Information Technology,"Technology Hardware, Storage & Peripherals",0.087259738588925,0.2231892608136597,0.18045055071573857
2026-06-05,IRM,Real Estate,Other Specialized REITs,0.0870731483321787,0.36077881030984066,0.16871309401068513
2026-06-05,MCK,Health Care,Health Care Distributors,0.08696886052115972,0.24722581160508159,-0.16883798667209504
2026-06-05,SYY,Consumer Staples,Food Distributors,0.08673185844670704,0.3836222713829103,-0.0910390848427074
2026-06-05,SYK,Health Care,Health Care Equipment,0.08589356052711189,0.28477968005464926,-0.11359879353847047
2026-06-05,WST,Health Care,Health Care Supplies,0.08589097085226392,0.3648537460689952,0.3202737885277569
2026-06-05,TGT,Consumer Staples,Consumer Staples Merchandise Retail,0.08563742523895822,0.2936411150464029,0.04160645983850397
2026-06-05,BIIB,Health Care,Biotechnology,0.0855773913156698,0.34000660547350947,0.02535832414553485
2026-06-05,CTVA,Materials,Fertilizers & Agricultural Chemicals,0.08471283402624047,0.21813238841695057,-0.01785031238046675
2026-06-05,SJM,Consumer Staples,Packaged Foods & Meats,0.08442244420382063,0.2151035526375459,-0.027349624060150513
2026-06-05,BDX,Health Care,Health Care Equipment,0.08433745648316757,0.2648777533199831,-0.07298307994114761
2026-06-05,BXP,Real Estate,Office REITs,0.08411831402324445,0.23711101110136168,0.21098153547133136
2026-06-05,EA,Communication Services,Interactive Home Entertainment,0.08402342975917543,0.038579625129451976,0.016675847563723867
2026-06-05,PM,Consumer Staples,Tobacco,0.08393789338323884,0.3379940318241041,0.07780195865070727
2026-06-05,DHR,Health Care,Life Sciences Tools & Services,0.0837918709456946,0.3074685738823279,-0.053018237862830664
2026-06-05,CI,Health Care,Health Care Services,0.08372966306819987,0.28413947784296734,0.11634274255745813
2026-06-05,DLR,Real Estate,Data Center REITs,0.08358255942302163,0.2280166255557875,0.04130895306054194
2026-06-05,CHD,Consumer Staples,Household Products,0.08357011576749966,0.23163782206494762,-0.02597664115988718
2026-06-05,VRTX,Health Care,Biotechnology,0.08345878550822748,0.24707764620787212,-0.09226988382484358
2026-06-05,DXCM,Health Care,Health Care Equipment,0.08335589733296546,0.3961118640896113,0.09880081454106637
2026-06-05,WMT,Consumer Staples,Consumer Staples Merchandise Retail,0.08325874385412853,0.2770299788720441,-0.0330975034561275
2026-06-05,LH,Health Care,Health Care Services,0.08264592989674244,0.2139597698343804,-0.01618050916648095
2026-06-05,KHC,Consumer Staples,Packaged Foods & Meats,0.08253866086838561,0.25627954972618217,-0.00659630606860151
2026-06-05,GILD,Health Care,Biotechnology,0.08247441884475329,0.21566906582123055,-0.11142109251222698
2026-06-05,BG,Consumer Staples,Agricultural Products & Services,0.08216088502134018,0.2928617646878067,0.036440400065584466
2026-06-05,ZBH,Health Care,Health Care Equipment,0.08189775315155134,0.32878476745232865,-0.06614973262032087
2026-06-05,ABT,Health Care,Health Care Equipment,0.08171538090233862,0.2700426011155367,-0.1687054957093299
2026-06-05,STLD,Materials,Steel,0.08138351910025686,0.3611282621237708,0.4627430687945968
2026-06-05,VTR,Real Estate,Health Care REITs,0.08136228148094031,0.23311410950552797,-0.03835327234342023
2026-06-05,BAC,Financials,Diversified Banks,0.08058639178992556,0.21911027984052645,0.11590296495956887
2026-06-05,CL,Consumer Staples,Household Products,0.08044364929022413,0.24089581879936567,-0.005167378117276966
2026-06-05,EXR,Real Estate,Self-Storage REITs,0.08042156471556049,0.235571737642109,0.038684304612084386
2026-06-05,COO,Health Care,Health Care Supplies,0.08034669610425818,0.30259180016190784,-0.08658801193382137
2026-06-05,INCY,Health Care,Biotechnology,0.0801906594569684,0.2871200922394017,0.0811938721605916
2026-06-05,PSA,Real Estate,Self-Storage REITs,0.07948875795884586,0.2672337012986261,0.0418657871710304
2026-06-05,AMT,Real Estate,Telecom Tower REITs,0.07932703190295277,0.28640567080887963,0.07166933745924742
2026-06-05,CCI,Real Estate,Telecom Tower REITs,0.07929645359547653,0.3131927575357392,0.09226500173430452
2026-06-05,VTRS,Health Care,Pharmaceuticals,0.07911654885461596,0.33426292855958795,0.1458483754512636
2026-06-05,NUE,Materials,Steel,0.07905891084712485,0.2965491442686106,0.48615654205607495
2026-06-05,EQIX,Real Estate,Data Center REITs,0.0789593705649146,0.17057780031466363,0.1161836222651289
2026-06-05,ADM,Consumer Staples,Agricultural Products & Services,0.07872241516058387,0.30256598558583964,0.1488847847705641
2026-06-05,WELL,Real Estate,Health Care REITs,0.07863015849996545,0.26591930375652734,0.011217008797653971
2026-06-05,PG,Consumer Staples,Personal Care Products,0.07859286084135461,0.22486690787830232,-0.03738993297410964
2026-06-05,DGX,Health Care,Health Care Services,0.07817835803820447,0.20970465842153638,0.0028538527011465753
2026-06-05,LIN,Materials,Industrial Gases,0.0774560144467494,0.19027208222834385,0.05803320349115748
2026-06-05,MAA,Real Estate,Multi-Family Residential REITs,0.07701016267776294,0.20813776679711718,0.08887306109528326
2026-06-05,MNST,Consumer Staples,Soft Drinks & Non-alcoholic Beverages,0.076669831981065,0.35258939195779865,0.1556975093560462
2026-06-05,AMGN,Health Care,Biotechnology,0.0766112095791271,0.23268985842692375,-0.06725996691039116
2026-06-05,AVB,Real Estate,Multi-Family Residential REITs,0.07578667416701812,0.21248081986384185,0.11563364529990006
2026-06-05,VICI,Real Estate,Hotel & Resort REITs,0.07458582352991962,0.19042752960247775,-0.0032188841201716833
2026-06-05,REG,Real Estate,Retail REITs,0.07435896851271766,0.15103434733966484,6.437491953126262e-05
2026-06-05,HSIC,Health Care,Health Care Distributors,0.07414359438428476,0.2402486759741044,0.012418300653594727
2026-06-05,CAH,Health Care,Health Care Distributors,0.07339731553737522,0.2573987228521496,-0.04200037250884703
2026-06-05,ESS,Real Estate,Multi-Family Residential REITs,0.0733829375922721,0.18905884136497259,0.1535523763336566
2026-06-05,MDLZ,Consumer Staples,Packaged Foods & Meats,0.0733530800904859,0.2153672960371625,0.13049024968106449
2026-06-05,LLY,Health Care,Pharmaceuticals,0.07238213093954375,0.38469841357892487,0.13544558822055386
2026-06-05,MDT,Health Care,Health Care Equipment,0.0718175133789207,0.2671325800361026,-0.07490084985835699
2026-06-05,EW,Health Care,Health Care Equipment,0.07118007885069223,0.28435312725719525,0.009987075549289015
2026-06-05,SPG,Real Estate,Retail REITs,0.07117536853414214,0.20519849654350392,0.1099150440609995
2026-06-05,WY,Real Estate,Timber REITs,0.07084188218144306,0.2503099653336126,0.06293402777777768
2026-06-05,PLD,Real Estate,Industrial REITs,0.07055234708783367,0.20609128181669495,0.08429578521073955
2026-06-05,CPT,Real Estate,Multi-Family Residential REITs,0.07024634289592378,0.20414712358241235,0.11750397140587787
2026-06-05,FRT,Real Estate,Retail REITs,0.07024011716309374,0.18110604539327163,0.15752195674756808
2026-06-05,O,Real Estate,Retail REITs,0.06965935047863162,0.16887049094929052,-0.047056060131537736
2026-06-05,MO,Consumer Staples,Tobacco,0.06962814748770278,0.26770498600283577,0.10651340996168579
2026-06-05,KDP,Consumer Staples,Soft Drinks & Non-alcoholic Beverages,0.06900214484054097,0.2593734435619556,0.1141919007661436
2026-06-05,ELV,Health Care,Managed Health Care,0.06852678666310959,0.27904346353602005,0.4345170307485249
2026-06-05,DOC,Real Estate,Health Care REITs,0.06759274270257021,0.43422019262067596,0.17748659916617027
2026-06-05,MRK,Health Care,Pharmaceuticals,0.06742657487608658,0.2754052441395584,0.04803190567019233
2026-06-05,BMY,Health Care,Pharmaceuticals,0.0672211373075424,0.2659356154111235,-0.034715200539265245
2026-06-05,KO,Consumer Staples,Soft Drinks & Non-alcoholic Beverages,0.06645787396333878,0.1875608886699941,0.031395952257395
2026-06-05,HUM,Health Care,Managed Health Care,0.06614007959075678,0.46437652488391823,1.0600035296193893
2026-06-05,INVH,Real Estate,Single-Family Residential REITs,0.06597760242999987,0.20422658467157315,0.20682730923694792
2026-06-05,GEV,Industrials,Heavy Electrical Equipment,0.06592940044793609,0.500116458507505,0.10178177138066635
2026-06-05,JNJ,Health Care,Pharmaceuticals,0.06587743755415834,0.17692014632055747,-0.03691594586764879
2026-06-05,ABBV,Health Care,Biotechnology,0.0657118227272479,0.26162750286223135,0.005579418146393289
2026-06-05,EQR,Real Estate,Multi-Family Residential REITs,0.06510282099890038,0.2013154067355493,0.14692022887916534
2026-06-05,UNH,Health Care,Managed Health Care,0.06438380288297943,0.34454414853567344,0.40074315560696894
2026-06-05,CNC,Health Care,Managed Health Care,0.06296391314268149,0.49537870978666687,0.7379723887881746
2026-06-05,KIM,Real Estate,Retail REITs,0.06295626774716417,0.1745272490856897,0.05669428696031398
2026-06-05,CVS,Health Care,Health Care Services,0.062438868891467575,0.3430892602394652,0.27790356952583894
2026-06-05,WBD,Communication Services,Broadcasting,0.06221143312418624,0.11025153078222513,-0.05507559395248385
2026-06-05,UDR,Real Estate,Multi-Family Residential REITs,0.060614792810315093,0.21406686404307962,0.10109519797809607
2026-06-05,PFE,Health Care,Pharmaceuticals,0.05939817272972556,0.1931061454846088,-0.03052866716306779
2026-06-05,VLTO,Industrials,Environmental & Facilities Services,0.05874039050156983,0.21804056783619047,-0.056767123287671306
2026-06-05,HST,Real Estate,Hotel & Resort REITs,0.05463062513314092,0.24146623924725663,0.2966280295047419
2026-06-05,GEHC,Health Care,Health Care Equipment,0.047283054229966634,0.40510095319495226,-0.1094352617079889
2026-06-05,Q,Information Technology,Semiconductor Materials & Equipment,0.026567894881370097,0.5917390560919257,0.22202150537634413
2026-06-05,KVUE,Consumer Staples,Personal Care Products,0.026076400651694847,0.2173766178393025,0.014318442153493649
2026-06-05,SNDK,Information Technology,"Technology Hardware, Storage & Peripherals",0.02298669048839283,0.966777630729434,1.3772672125018124
2026-06-05,PSKY,Communication Services,Movies & Entertainment,0.022204317521103398,0.4590419214166533,0.03294926217909855
2026-06-05,SOLV,Health Care,Health Care Technology,-0.000929477501343725,0.28340784021407,0.19792975970425153
